,N10_bins,N10_measured,N10_model,N20_bins,N20_measured,N20_model
0,8760.470703125,0.0005,0.00013354907,12508.841796875,0.00025,0.00014390542
1,8772.355716705322,0.00025,0.00014213251,12528.464876461028,0.0,0.00014667746
2,8784.240730285645,0.00025,0.0001519699,12548.087956047058,0.00025,0.00014849639
3,8796.125743865967,0.00025,0.00016304295,12567.711035633087,0.00025,0.00014925118
4,8808.010757446289,0.0,0.00017524688,12587.334115219117,0.00025,0.0001488893
5,8819.895771026611,0.0,0.00018841863,12606.957194805145,0.0,0.0001474354
6,8831.780784606934,0.0,0.00020229444,12626.580274391174,0.0,0.00014498211
7,8843.665798187256,0.00025,0.00021657452,12646.203353977204,0.0,0.00014168063
8,8855.550811767578,0.0005,0.00023087146,12665.826433563232,0.0,0.00013773052
9,8867.4358253479,0.00075,0.00024476726,12685.449513149262,0.0,0.000133349
10,8879.320838928223,0.0005,0.0002577617,12705.07259273529,0.0,0.00012876261
11,8891.205852508545,0.00025,0.000269427,12724.695672321319,0.0,0.00012418244
12,8903.090866088867,0.001,0.00027929974,12744.318751907349,0.0,0.00011978944
13,8914.97587966919,0.0005,0.00028702794,12763.941831493377,0.0,0.00011572775
14,8926.860893249512,0.00025,0.00029221887,12783.564911079407,0.0,0.000112094385
15,8938.745906829834,0.00025,0.0002947117,12803.187990665436,0.0,0.00010894222
16,8950.630920410156,0.0,0.0002943833,12822.811070251464,0.0,0.000106288884
17,8962.515933990479,0.0,0.00029126456,12842.434149837494,0.0,0.000104117826
18,8974.4009475708,0.001,0.00028542962,12862.057229423523,0.0,0.000102388825
19,8986.285961151123,0.0,0.00027719905,12881.680309009553,0.0,0.00010104807
20,8998.170974731445,0.00075,0.00026686752,12901.303388595581,0.0,0.000100035126
21,9010.055988311768,0.00075,0.00025486364,12920.92646818161,0.0,9.928899e-05
22,9021.94100189209,0.00075,0.00024159756,12940.54954776764,0.0,9.8753204e-05
23,9033.826015472412,0.0,0.00022757944,12960.172627353668,0.0,9.8377604e-05
24,9045.711029052734,0.0005,0.00021324918,12979.795706939698,0.0,9.812081e-05
25,9057.596042633057,0.00025,0.00019903385,12999.418786525726,0.0,9.794934e-05
26,9069.481056213379,0.00025,0.00018528788,13019.041866111755,0.0,9.7837685e-05
27,9081.366069793701,0.0,0.00017232637,13038.664945697785,0.0,9.776666e-05
28,9093.251083374023,0.00025,0.00016037235,13058.288025283813,0.0,9.7722696e-05
29,9105.136096954346,0.0005,0.00014958301,13077.911104869843,0.0,9.769636e-05
30,9117.021110534668,0.0,0.0001400281,13097.534184455872,0.0,9.7681455e-05
31,9128.90612411499,0.0,0.00013173856,13117.1572640419,0.0,9.767409e-05
32,9140.791137695312,0.0,0.0001246815,13136.78034362793,0.0,9.767229e-05
33,9152.676151275635,0.0,0.00011878024,13156.403423213958,0.0,9.767568e-05
34,9164.561164855957,0.0,0.00011392825,13176.026502799989,0.0,9.768518e-05
35,9176.44617843628,0.0,0.00011001324,13195.649582386017,0.0,9.7703574e-05
36,9188.331192016602,0.0,0.000106905805,13215.272661972045,0.0,9.773566e-05
37,9200.216205596924,0.0,0.000104481405,13234.895741558075,0.0,9.778968e-05
38,9212.101219177246,0.0,0.00010261994,13254.518821144104,0.0,9.7877964e-05
39,9223.986232757568,0.0,0.000101214806,13274.141900730134,0.0,9.8019365e-05
40,9235.87124633789,0.0,0.000100171215,13293.764980316162,0.0,9.824082e-05
41,9247.756259918213,0.0,9.940835e-05,13313.38805990219,0.0,9.858063e-05
42,9259.641273498535,0.0,9.8859666e-05,13333.01113948822,0.0,9.909167e-05
43,9271.526287078857,0.0,9.847087e-05,13352.634219074249,0.0,9.984394e-05
44,9283.41130065918,0.0,9.819996e-05,13372.257298660279,0.0,0.00010092917
45,9295.296314239502,0.0,9.801428e-05,13391.880378246307,0.0,0.00010246048
46,9307.181327819824,0.0,9.788853e-05,13411.503457832336,0.0,0.000104577026
47,9319.066341400146,0.0,9.780527e-05,13431.126537418366,0.0,0.000107440144
48,9330.951354980469,0.0,9.77505e-05,13450.749617004394,0.0,0.00011122715
49,9342.836368560791,0.0,9.771513e-05,13470.372696590424,0.0,0.00011612797
50,9354.721382141113,0.0,9.7692784e-05,13489.995776176453,0.0,0.00012232865
51,9366.606395721436,0.0,9.7678785e-05,13509.618855762481,0.0,0.00012998925
52,9378.491409301758,0.0,9.766994e-05,13529.241935348511,0.0,0.00013923799
53,9390.37642288208,0.0,9.766478e-05,13548.86501493454,0.0,0.00015012316
54,9402.261436462402,0.0,9.766183e-05,13568.48809452057,0.00025,0.0001626189
55,9414.146450042725,0.0,9.765987e-05,13588.111174106598,0.0,0.00017658608
56,9426.031463623047,0.0,9.7658645e-05,13607.734253692626,0.0,0.00019174659
57,9437.91647720337,0.0,9.765815e-05,13627.357333278656,0.0,0.00020772597
58,9449.801490783691,0.0,9.76579e-05,13646.980412864685,0.0,0.00022398928
59,9461.686504364014,0.0,9.765766e-05,13666.603492450715,0.0,0.00023994179
60,9473.571517944336,0.0,9.765742e-05,13686.226572036743,0.0,0.00025491018
61,9485.456531524658,0.0,9.765768e-05,13705.849651622771,0.0,0.0002681735
62,9497.34154510498,0.0,9.7657445e-05,13725.472731208802,0.0,0.00027909514
63,9509.226558685303,0.0,9.765747e-05,13745.09581079483,0.0,0.00028710367
64,9521.111572265625,0.0,9.765752e-05,13764.71889038086,0.00025,0.00029173258
65,9532.996585845947,0.0,9.7657605e-05,13784.341969966888,0.0,0.00029276463
66,9544.88159942627,0.0,9.765776e-05,13803.965049552917,0.0,0.00029010038
67,9556.766613006592,0.0,9.765802e-05,13823.588129138947,0.0,0.00028392076
68,9568.651626586914,0.0,9.7658485e-05,13843.211208724975,0.00025,0.0002745653
69,9580.536640167236,0.0,9.765927e-05,13862.834288311005,0.0,0.00026250884
70,9592.421653747559,0.0,9.766061e-05,13882.457367897034,0.0,0.0002484078
71,9604.30666732788,0.0,9.7662836e-05,13902.080447483062,0.0,0.00023291084
72,9616.191680908203,0.0,9.7666525e-05,13921.703527069092,0.0,0.00021673655
73,9628.076694488525,0.0,9.767253e-05,13941.32660665512,0.0,0.0002005347
74,9639.961708068848,0.0,9.768222e-05,13960.94968624115,0.0,0.00018486383
75,9651.84672164917,0.0,9.769765e-05,13980.572765827179,0.0,0.00017019281
76,9663.731735229492,0.0,9.772196e-05,14000.195845413207,0.0,0.00015685493
77,9675.616748809814,0.0,9.7759774e-05,14019.818924999237,0.0,0.00014506566
78,9687.501762390137,0.0,9.781791e-05,14039.442004585266,0.0,0.00013491376
79,9699.386775970459,0.0,9.790622e-05,14059.065084171296,0.0,0.00012638315
80,9711.271789550781,0.0,9.80388e-05,14078.688163757324,0.0,0.00011939185
81,9723.156803131104,0.0,9.823533e-05,14098.311243343353,0.0,0.00011379406
82,9735.041816711426,0.0,9.85233e-05,14117.934322929383,0.0,0.00010941225
83,9746.926830291748,0.0,9.894002e-05,14137.557402515411,0.0,0.00010606039
84,9758.81184387207,0.0,9.953622e-05,14157.180482101441,0.0,0.000103551436
85,9770.696857452393,0.0,0.000100377874,14176.80356168747,0.0,0.00010171442
86,9782.581871032715,0.0,0.00010155233,14196.426641273498,0.0,0.00010039814
87,9794.466884613037,0.0,0.000103170816,14216.049720859528,0.0,9.9474775e-05
88,9806.35189819336,0.0,0.00010537452,14235.672800445556,0.0,9.8841185e-05
89,9818.236911773682,0.00025,0.00010833452,14255.295880031586,0.0,9.841605e-05
90,9830.121925354004,0.0,0.00011226524,14274.918959617615,0.0,9.813872e-05
91,9842.006938934326,0.0,0.00011741686,14294.542039203643,0.0,9.7964374e-05
92,9853.891952514648,0.0,0.00012408564,14314.165118789673,0.0,9.786184e-05
93,9865.77696609497,0.00025,0.00013259967,14333.788198375702,0.0,9.781264e-05
94,9877.661979675293,0.0,0.00014333817,14353.411277961732,0.0,9.780676e-05
95,9889.546993255615,0.0,0.00015670207,14373.03435754776,0.0,9.7843185e-05
96,9901.432006835938,0.0,0.00017311721,14392.657437133788,0.0,9.7930206e-05
97,9913.31702041626,0.0,0.000192998,14412.280516719818,0.0,9.808581e-05
98,9925.202033996582,0.0,0.00021676044,14431.903596305847,0.0,9.834098e-05
99,9937.087047576904,0.0,0.00024476432,14451.526675891877,0.0,9.874169e-05
100,9948.972061157227,0.0,0.00027731768,14471.149755477905,0.0,9.935568e-05
101,9960.857074737549,0.00025,0.0003145465,14490.772835063934,0.0,0.000100276935
102,9972.742088317871,0.0,0.00035657536,14510.395914649964,0.0,0.00010163269
103,9984.627101898193,0.0005,0.0004032448,14530.018994235992,0.0,0.00010359112
104,9996.512115478516,0.0005,0.00045428722,14549.642073822022,0.00025,0.00010636745
105,10008.397129058838,0.0005,0.00050907704,14569.26515340805,0.0,0.000110229324
106,10020.28214263916,0.00125,0.0005669626,14588.888232994079,0.0,0.00011550429
107,10032.167156219482,0.00125,0.0006269444,14608.511312580109,0.0,0.00012256845
108,10044.052169799805,0.00075,0.0006878763,14628.134392166137,0.0,0.00013185406
109,10055.937183380127,0.0,0.0007483286,14647.757471752167,0.0,0.00014381499
110,10067.82219696045,0.00025,0.0008069012,14667.380551338196,0.0,0.00015892574
111,10079.707210540771,0.0005,0.0008620099,14687.003630924224,0.0,0.00017763507
112,10091.592224121094,0.00075,0.00091217185,14706.626710510254,0.0,0.0002003095
113,10103.477237701416,0.00125,0.0009556652,14726.249790096283,0.00025,0.00022723395
114,10115.362251281738,0.0017500000000000003,0.0009913066,14745.872869682313,0.00025,0.0002584817
115,10127.24726486206,0.002,0.0010179959,14765.495949268341,0.0,0.00029395247
116,10139.132278442383,0.00125,0.0010348186,14785.11902885437,0.0,0.00033327407
117,10151.017292022705,0.00075,0.0010409978,14804.7421084404,0.0005,0.00037573653
118,10162.902305603027,0.001,0.0010365746,14824.365188026428,0.0,0.00042042468
119,10174.78731918335,0.00125,0.0010216137,14843.988267612458,0.0,0.00046602037
120,10186.672332763672,0.0017500000000000003,0.0009966601,14863.611347198486,0.0007499999999999999,0.00051108404
121,10198.557346343994,0.001,0.0009624196,14883.234426784515,0.00025,0.0005539643
122,10210.442359924316,0.00075,0.0009201236,14902.857506370545,0.00025,0.0005928586
123,10222.327373504639,0.0015,0.0008710599,14922.480585956573,0.0,0.0006261821
124,10234.212387084961,0.001,0.000816769,14942.103665542603,0.0007499999999999999,0.00065230124
125,10246.097400665283,0.002,0.00075861573,14961.726745128632,0.0007499999999999999,0.00067005685
126,10257.982414245605,0.00125,0.0006983558,14981.34982471466,0.002,0.00067858206
127,10269.867427825928,0.0005,0.00063740433,15000.97290430069,0.0005,0.0006773619
128,10281.75244140625,0.001,0.00057723845,15020.595983886718,0.00075,0.00066657935
129,10293.637454986572,0.00025,0.00051887083,15040.219063472749,0.0005,0.000646647
130,10305.522468566895,0.00025,0.000463464,15059.842143058777,0.0005,0.0006186262
131,10317.407482147217,0.0005,0.0004117781,15079.465222644805,0.00025,0.0005838342
132,10329.292495727539,0.0,0.00036430385,15099.088302230835,0.0007499999999999999,0.00054376904
133,10341.177509307861,0.00025,0.00032145772,15118.711381816864,0.0,0.0005002156
134,10353.062522888184,0.0,0.0002833905,15138.334461402894,0.00025,0.0004549068
135,10364.947536468506,0.00025,0.00025006384,15157.957540988922,0.0005,0.00040935446
136,10376.832550048828,0.00025,0.00022128067,15177.58062057495,0.00075,0.00036512828
137,10388.71756362915,0.0,0.00019681096,15197.20370016098,0.00025,0.0003233351
138,10400.602577209473,0.0005,0.00017628577,15216.826779747009,0.00025,0.00028491404
139,10412.487590789795,0.00075,0.00015930706,15236.449859333039,0.00025,0.00025045546
140,10424.372604370117,0.00025,0.00014544508,15256.072938919067,0.0005,0.0002202511
141,10436.25761795044,0.0,0.0001342833,15275.696018505096,0.0,0.00019439028
142,10448.142631530762,0.0,0.0001254118,15295.319098091126,0.0,0.00017270725
143,10460.027645111084,0.0,0.000118452364,15314.942177677154,0.00025,0.00015491967
144,10471.912658691406,0.0,0.00011305858,15334.565257263184,0.0,0.00014062246
145,10483.797672271729,0.0,0.000108938206,15354.188336849213,0.0,0.00012935554
146,10495.68268585205,0.0,0.00010582412,15373.811416435241,0.0,0.00012065836
147,10507.567699432373,0.0,0.00010350608,15393.434496021271,0.0,0.00011406979
148,10519.452713012695,0.0,0.00010179631,15413.0575756073,0.0,0.0001091767
149,10531.337726593018,0.0,0.00010055331,15432.68065519333,0.0,0.00010561541
150,10543.22274017334,0.0,9.9662066e-05,15452.303734779358,0.0,0.000103072765
151,10555.107753753662,0.0,9.902867e-05,15471.926814365386,0.0,0.00010129935
152,10566.992767333984,0.0,9.8584365e-05,15491.549893951416,0.0,0.00010009822
153,10578.877780914307,0.0,9.827759e-05,15511.172973537445,0.0,9.9319346e-05
154,10590.762794494629,0.0,9.806734e-05,15530.796053123475,0.0,9.885737e-05
155,10602.647808074951,0.0,9.792586e-05,15550.419132709503,0.0,9.864785e-05
156,10614.532821655273,0.0,9.783066e-05,15570.042212295531,0.0,9.866019e-05
157,10626.417835235596,0.0,9.7768534e-05,15589.665291881562,0.0,9.8896424e-05
158,10638.302848815918,0.0,9.772758e-05,15609.28837146759,0.0,9.939705e-05
159,10650.18786239624,0.0,9.7701195e-05,15628.91145105362,0.0,0.000100239755
160,10662.072875976562,0.0,9.768411e-05,15648.534530639648,0.0,0.000101546924
161,10673.957889556885,0.0,9.767503e-05,15668.157610225677,0.0,0.00010349978
162,10685.842903137207,0.0,9.7667405e-05,15687.780689811707,0.0,0.00010633669
163,10697.72791671753,0.0,9.7665274e-05,15707.403769397735,0.0,0.00011038295
164,10709.612930297852,0.0,9.766215e-05,15727.026848983765,0.0,0.00011605118
165,10721.497943878174,0.0,9.766355e-05,15746.649928569794,0.0,0.00012384521
166,10733.382957458496,0.0,9.766449e-05,15766.273008155822,0.0,0.00013439236
167,10745.267971038818,0.0,9.766681e-05,15785.896087741852,0.0,0.00014842357
168,10757.15298461914,0.0,9.767393e-05,15805.51916732788,0.0,0.0001667579
169,10769.037998199463,0.0,9.768177e-05,15825.14224691391,0.0,0.00019031823
170,10780.923011779785,0.0,9.769609e-05,15844.765326499939,0.0,0.0002200416
171,10792.808025360107,0.0,9.771826e-05,15864.388406085967,0.0,0.0002568921
172,10804.69303894043,0.0,9.775223e-05,15884.011485671997,0.00025,0.0003017535
173,10816.578052520752,0.0,9.78038e-05,15903.634565258026,0.00025,0.00035531668
174,10828.463066101074,0.0,9.78813e-05,15923.257644844056,0.0007499999999999999,0.00041810938
175,10840.348079681396,0.0,9.799667e-05,15942.880724430084,0.0005,0.00049020577
176,10852.233093261719,0.0,9.816661e-05,15962.503804016113,0.00075,0.00057135965
177,10864.118106842041,0.0,9.8414544e-05,15982.126883602143,0.0005,0.0006607781
178,10876.003120422363,0.0,9.877279e-05,16001.749963188171,0.00075,0.0007569988
179,10887.888134002686,0.0,9.928533e-05,16021.373042774201,0.001,0.00085820677
180,10899.773147583008,0.0,0.000100010766,16040.99612236023,0.0014999999999999998,0.0009617413
181,10911.65816116333,0.0,0.00010102794,16060.619201946258,0.00125,0.001064747
182,10923.543174743652,0.0,0.000102439684,16080.242281532288,0.00125,0.0011639145
183,10935.428188323975,0.0,0.00010437977,16099.865361118316,0.0015,0.0012555572
184,10947.313201904297,0.0,0.00010701778,16119.488440704346,0.001,0.0013364119
185,10959.19821548462,0.0,0.000110569745,16139.111520290375,0.002,0.0014029652
186,10971.083229064941,0.0,0.00011530334,16158.734599876403,0.00175,0.0014526072
187,10982.968242645264,0.00025,0.00012154943,16178.357679462433,0.00125,0.0014831905
188,10994.853256225586,0.0,0.00012969869,16197.980759048462,0.002,0.0014931381
189,11006.738269805908,0.0,0.00014022927,16217.603838634492,0.0027500000000000003,0.0014822985
190,11018.62328338623,0.0,0.00015369011,16237.22691822052,0.00175,0.0014508615
191,11030.508296966553,0.00025,0.00017073212,16256.849997806548,0.00075,0.0014004447
192,11042.393310546875,0.00025,0.00019204698,16276.473077392578,0.00125,0.0013332212
193,11054.278324127197,0.0,0.00021845021,16296.096156978607,0.00125,0.0012518312
194,11066.16333770752,0.0,0.00025081003,16315.719236564637,0.0014999999999999998,0.001159853
195,11078.048351287842,0.0,0.00028999176,16335.342316150665,0.0005,0.001060389
196,11089.933364868164,0.0005,0.000336949,16354.965395736694,0.00125,0.0009572907
197,11101.818378448486,0.0,0.00039261676,16374.588475322724,0.00075,0.0008537625
198,11113.703392028809,0.00025,0.0004578613,16394.211554908754,0.00025,0.00075276423
199,11125.58840560913,0.0,0.00053335057,16413.834634494782,0.0005,0.0006568001
200,11137.473419189453,0.0005,0.0006197822,16433.45771408081,0.00125,0.0005677086
201,11149.358432769775,0.00025,0.000717516,16453.08079366684,0.0005,0.0004869321
202,11161.243446350098,0.00075,0.00082670996,16472.703873252867,0.00025,0.00041523026
203,11173.12845993042,0.001,0.0009470527,16492.3269528389,0.00025,0.00035283755
204,11185.013473510742,0.00075,0.0010780614,16511.950032424927,0.0,0.00029966244
205,11196.898487091064,0.00225,0.0012187092,16531.573112010956,0.0,0.00025515986
206,11208.783500671387,0.00225,0.0013676824,16551.196191596984,0.0,0.00021863714
207,11220.668514251709,0.00125,0.0015227612,16570.819271183012,0.0,0.0001892016
208,11232.553527832031,0.00125,0.0016819029,16590.442350769044,0.0,0.00016589824
209,11244.438541412354,0.00325,0.001842529,16610.065430355073,0.0,0.00014777313
210,11256.323554992676,0.0025,0.002001586,16629.6885099411,0.0,0.00013393683
211,11268.208568572998,0.00275,0.0021553752,16649.31158952713,0.0,0.00012356199
212,11280.09358215332,0.0015,0.0023010098,16668.934669113158,0.0,0.00011593899
213,11291.978595733643,0.003,0.0024349138,16688.55774869919,0.0,0.00011046601
214,11303.863609313965,0.0025,0.0025539275,16708.180828285218,0.0,0.00010666054
215,11315.748622894287,0.0025,0.0026546563,16727.803907871246,0.0,0.00010415131
216,11327.63363647461,0.00275,0.0027347808,16747.426987457275,0.0,0.0001026716
217,11339.518650054932,0.002,0.0027920136,16767.050067043303,0.0,0.00010206187
218,11351.403663635254,0.0025,0.002825026,16786.673146629335,0.0,0.00010224751
219,11363.288677215576,0.0025,0.0028321769,16806.296226215363,0.0,0.00010326021
220,11375.173690795898,0.0017500000000000003,0.0028139811,16825.91930580139,0.0,0.00010522792
221,11387.05870437622,0.002,0.0027705943,16845.54238538742,0.0,0.00010837474
222,11398.943717956543,0.0037500000000000003,0.0027038015,16865.16546497345,0.0,0.00011305829
223,11410.828731536865,0.00325,0.0026143831,16884.78854455948,0.0,0.000119753146
224,11422.713745117188,0.00225,0.0025055541,16904.41162414551,0.0,0.00012909312
225,11434.59875869751,0.002,0.0023799213,16924.034703731537,0.0,0.00014187137
226,11446.483772277832,0.0017500000000000003,0.00224083,16943.657783317565,0.00025,0.00015904776
227,11458.368785858154,0.00125,0.0020909684,16963.280862903594,0.0,0.00018178253
228,11470.253799438477,0.00225,0.0019346222,16982.903942489625,0.00025,0.00021137545
229,11482.138813018799,0.0017500000000000003,0.0017746435,17002.527022075654,0.0,0.0002493082
230,11494.023826599121,0.001,0.0016144287,17022.150101661682,0.0,0.00029717322
231,11505.908840179443,0.002,0.001456471,17041.77318124771,0.0005,0.0003565521
232,11517.793853759766,0.00125,0.0013037025,17061.39626083374,0.00025,0.00042908924
233,11529.678867340088,0.00125,0.0011581271,17081.01934041977,0.001,0.00051614584
234,11541.56388092041,0.001,0.0010214407,17100.6424200058,0.0,0.00061892834
235,11553.448894500732,0.0,0.00089478685,17120.265499591827,0.00025,0.0007381848
236,11565.333908081055,0.0005,0.0007791145,17139.888579177856,0.001,0.0008739626
237,11577.218921661377,0.001,0.0006747825,17159.511658763884,0.00175,0.0010258612
238,11589.1039352417,0.00075,0.0005818962,17179.134738349916,0.002,0.001192299
239,11600.988948822021,0.0005,0.00050010136,17198.757817935944,0.002,0.0013711432
240,11612.873962402344,0.00025,0.0004290139,17218.380897521973,0.0014999999999999998,0.0015591875
241,11624.758975982666,0.0005,0.0003679588,17238.003977108,0.002,0.0017520678
242,11636.643989562988,0.0005,0.00031610075,17257.62705669403,0.00175,0.0019451933
243,11648.52900314331,0.0,0.00027251587,17277.25013628006,0.0022500000000000003,0.0021326547
244,11660.414016723633,0.0,0.00023633082,17296.87321586609,0.0022500000000000003,0.0023088434
245,11672.299030303955,0.00025,0.00020660483,17316.496295452118,0.0014999999999999998,0.002467828
246,11684.184043884277,0.0,0.00018246041,17336.119375038146,0.002,0.0026035036
247,11696.0690574646,0.0,0.00016304106,17355.742454624175,0.00325,0.0027112917
248,11707.954071044922,0.0,0.0001476001,17375.365534210207,0.0014999999999999998,0.0027864405
249,11719.839084625244,0.0,0.00013544984,17394.988613796235,0.004,0.0028263717
250,11731.724098205566,0.0,0.00012599542,17414.611693382263,0.002,0.0028294765
251,11743.609111785889,0.0,0.00011869681,17434.23477296829,0.00375,0.0027951922
252,11755.494125366211,0.0,0.00011313639,17453.85785255432,0.00275,0.002725487
253,11767.379138946533,0.00025,0.000108938664,17473.48093214035,0.0022500000000000003,0.0026225804
254,11779.264152526855,0.0,0.000105804116,17493.10401172638,0.00325,0.0024909256
255,11791.149166107178,0.0,0.00010348805,17512.72709131241,0.0014999999999999998,0.0023354774
256,11803.0341796875,0.0,0.000101783764,17532.350170898437,0.0022500000000000003,0.0021615196
257,11814.919193267822,0.0,0.000100556295,17551.973250484465,0.002,0.0019753627
258,11826.804206848145,0.0,9.967491e-05,17571.596330070497,0.0022500000000000003,0.0017829152
259,11838.689220428467,0.0,9.904687e-05,17591.219409656525,0.00175,0.00158951
260,11850.574234008789,0.0,9.860902e-05,17610.842489242554,0.002,0.001400521
261,11862.459247589111,0.0,9.83025e-05,17630.465568828582,0.0007499999999999999,0.0012199201
262,11874.344261169434,0.0,9.8093864e-05,17650.08864841461,0.002,0.0010512981
263,11886.229274749756,0.0,9.7949815e-05,17669.711728000642,0.0007499999999999999,0.000897054
264,11898.114288330078,0.0,9.786261e-05,17689.33480758667,0.001,0.00075859705
265,11909.9993019104,0.0,9.780377e-05,17708.9578871727,0.0007499999999999999,0.00063677406
266,11921.884315490723,0.0,9.777061e-05,17728.580966758727,0.00025,0.00053139
267,11933.769329071045,0.0,9.776539e-05,17748.204046344756,0.00025,0.0004419014
268,11945.654342651367,0.0,9.777875e-05,17767.827125930788,0.0007499999999999999,0.00036721982
269,11957.53935623169,0.0,9.7811215e-05,17787.450205516816,0.00025,0.00030583213
270,11969.424369812012,0.0,9.786529e-05,17807.073285102844,0.00025,0.00025630806
271,11981.309383392334,0.0,9.79632e-05,17826.696364688873,0.0,0.00021696946
272,11993.194396972656,0.0,9.810146e-05,17846.3194442749,0.0,0.00018626286
273,12005.079410552979,0.0,9.830707e-05,17865.942523860933,0.0,0.0001627201
274,12016.9644241333,0.0,9.8596895e-05,17885.56560344696,0.0,0.00014501114
275,12028.849437713623,0.0,9.901831e-05,17905.18868303299,0.0,0.00013203338
276,12040.734451293945,0.0,9.960096e-05,17924.811762619018,0.0,0.00012284868
277,12052.619464874268,0.0,0.00010041972,17944.434842205046,0.0,0.00011674461
278,12064.50447845459,0.0,0.00010155178,17964.057921791078,0.0,0.00011320205
279,12076.389492034912,0.0,0.00010310426,17983.681001377106,0.0,0.00011190786
280,12088.274505615234,0.0,0.00010521506,18003.304080963135,0.0,0.000112740636
281,12100.159519195557,0.0,0.000108061504,18022.927160549163,0.0,0.0001157977
282,12112.044532775879,0.0,0.000111863345,18042.55024013519,0.0,0.000121352765
283,12123.929546356201,0.00025,0.00011690162,18062.173319721223,0.0,0.00012990912
284,12135.814559936523,0.0,0.00012351804,18081.79639930725,0.0,0.0001421965
285,12147.699573516846,0.0,0.00013213925,18101.41947889328,0.0,0.00015917017
286,12159.584587097168,0.0,0.0001432586,18121.04255847931,0.0,0.00018205012
287,12171.46960067749,0.0,0.0001574886,18140.665638065337,0.0005,0.00021229137
288,12183.354614257812,0.0,0.00017553417,18160.28871765137,0.00025,0.00025162823
289,12195.239627838135,0.0,0.00019822558,18179.911797237397,0.00025,0.00030198984
290,12207.124641418457,0.00025,0.0002264663,18199.534876823425,0.0005,0.0003655189
291,12219.00965499878,0.0,0.00026135065,18219.157956409454,0.00025,0.0004445
292,12230.894668579102,0.0,0.00030402042,18238.781035995482,0.00025,0.0005411685
293,12242.779682159424,0.00025,0.0003557679,18258.404115581514,0.00025,0.00065780163
294,12254.664695739746,0.00025,0.000417863,18278.027195167542,0.00025,0.0007962552
295,12266.549709320068,0.0005,0.000491769,18297.65027475357,0.0007499999999999999,0.00095815316
296,12278.43472290039,0.00075,0.0005788718,18317.2733543396,0.00125,0.0011444801
297,12290.319736480713,0.0005,0.00068057724,18336.896433925627,0.0015,0.0013551927
298,12302.204750061035,0.00125,0.0007980989,18356.51951351166,0.002,0.0015897244
299,12314.089763641357,0.00025,0.00093264406,18376.142593097687,0.001,0.0018458237
300,12325.97477722168,0.0005,0.0010851207,18395.765672683716,0.0025,0.0021205435
301,12337.859790802002,0.00075,0.00125625,18415.388752269744,0.00175,0.0024094959
302,12349.744804382324,0.0017500000000000003,0.0014459775,18435.011831855772,0.004,0.0027066343
303,12361.629817962646,0.00225,0.00165435,18454.634911441804,0.0045000000000000005,0.0030057072
304,12373.514831542969,0.0017500000000000003,0.0018807738,18474.257991027833,0.00375,0.0032984659
305,12385.399845123291,0.001,0.0021239882,18493.88107061386,0.0045000000000000005,0.003577129
306,12397.284858703613,0.002,0.002381632,18513.50415019989,0.00375,0.0038332865
307,12409.169872283936,0.003,0.0026517736,18533.127229785918,0.005,0.004058064
308,12421.054885864258,0.0025,0.0029311313,18552.75030937195,0.004750000000000001,0.004244674
309,12432.93989944458,0.0037500000000000003,0.0032161747,18572.373388957978,0.00375,0.004385685
310,12444.824913024902,0.003,0.0035022756,18591.996468544006,0.004,0.004476661
311,12456.709926605225,0.0045,0.003785203,18611.619548130035,0.00425,0.0045142714
312,12468.594940185547,0.00425,0.0040598447,18631.242627716063,0.0055,0.0044964156
313,12480.47995376587,0.0037500000000000003,0.004321462,18650.865707302095,0.0035,0.0044246833
314,12492.364967346191,0.0055,0.0045637176,18670.488786888123,0.004,0.004300808
315,12504.249980926514,0.006,0.0047826925,18690.11186647415,0.0055000000000000005,0.0041300026
316,12516.134994506836,0.007000000000000001,0.0049730656,18709.73494606018,0.0025,0.0039182897
317,12528.020008087158,0.005,0.00513171,18729.35802564621,0.00475,0.0036723586
318,12539.90502166748,0.006,0.0052530076,18748.98110523224,0.0035,0.0034010753
319,12551.790035247803,0.00575,0.0053356555,18768.60418481827,0.00375,0.0031121396
320,12563.675048828125,0.00625,0.005377763,18788.227264404297,0.00375,0.0028144722
321,12575.560062408447,0.006,0.005376664,18807.850343990325,0.0045000000000000005,0.0025159076
322,12587.44507598877,0.0055,0.0053344937,18827.473423576354,0.0015,0.0022232002
323,12599.330089569092,0.00575,0.0052511,18847.096503162385,0.0029999999999999996,0.0019429205
324,12611.215103149414,0.005,0.0051291133,18866.719582748414,0.002,0.0016795335
325,12623.100116729736,0.0055,0.004970036,18886.342662334442,0.0005,0.0014369834
326,12634.985130310059,0.0025,0.0047788764,18905.96574192047,0.00025,0.0012176036
327,12646.87014389038,0.0055,0.0045594154,18925.5888215065,0.0005,0.0010224293
328,12658.755157470703,0.006,0.004316582,18945.21190109253,0.00125,0.0008519248
329,12670.640171051025,0.0025,0.0040548807,18964.83498067856,0.0,0.00070513325
330,12682.525184631348,0.0045,0.0037800267,18984.458060264587,0.0,0.0005808884
331,12694.41019821167,0.0025,0.0034969933,19004.081139850616,0.00025,0.00047739127
332,12706.295211791992,0.0037500000000000003,0.0032110093,19023.704219436644,0.00025,0.00039242406
333,12718.180225372314,0.0017500000000000003,0.002925891,19043.327299022676,0.0,0.0003238207
334,12730.065238952637,0.0015,0.0026465587,19062.950378608704,0.0005,0.00026931678
335,12741.950252532959,0.0025,0.0023767482,19082.573458194733,0.00025,0.00022673853
336,12753.835266113281,0.002,0.0021193486,19102.19653778076,0.0,0.000194182
337,12765.720279693604,0.0005,0.0018764266,19121.81961736679,0.0,0.00016993332
338,12777.605293273926,0.001,0.0016503938,19141.44269695282,0.0,0.00015257136
339,12789.490306854248,0.001,0.0014422834,19161.06577653885,0.0,0.0001410063
340,12801.37532043457,0.0017500000000000003,0.0012528641,19180.688856124878,0.0,0.00013441393
341,12813.260334014893,0.0017500000000000003,0.0010821271,19200.311935710906,0.0,0.00013232275
342,12825.145347595215,0.00025,0.0009300016,19219.935015296935,0.0,0.00013457668
343,12837.030361175537,0.00025,0.0007957721,19239.558094882967,0.0,0.00014132142
344,12848.91537475586,0.001,0.0006785732,19259.181174468995,0.0,0.00015304556
345,12860.800388336182,0.0,0.0005771326,19278.804254055023,0.0,0.00017053289
346,12872.685401916504,0.00075,0.0004902846,19298.42733364105,0.0,0.00019494501
347,12884.570415496826,0.0005,0.00041659802,19318.05041322708,0.0,0.00022770955
348,12896.455429077148,0.00075,0.00035471263,19337.67349281311,0.00025,0.00027064446
349,12908.34044265747,0.0005,0.00030315324,19357.29657239914,0.00025,0.00032582183
350,12920.225456237793,0.0,0.00026063906,19376.91965198517,0.00025,0.0003955714
351,12932.110469818115,0.0005,0.00022589808,19396.542731571197,0.0007499999999999999,0.00048249727
352,12943.995483398438,0.00025,0.00019775558,19416.165811157225,0.00025,0.000589196
353,12955.88049697876,0.0,0.00017516038,19435.788890743257,0.00125,0.00071842637
354,12967.765510559082,0.0,0.00015719389,19455.411970329285,0.00125,0.00087276305
355,12979.650524139404,0.0,0.00014302583,19475.035049915314,0.0007499999999999999,0.0010543199
356,12991.535537719727,0.00025,0.00013195846,19494.658129501342,0.00175,0.0012650238
357,13003.420551300049,0.0,0.0001233824,19514.28120908737,0.00125,0.0015056756
358,13015.305564880371,0.0,0.00011680318,19533.904288673402,0.0022500000000000003,0.0017765997
359,13027.190578460693,0.0,0.000111788264,19553.52736825943,0.0029999999999999996,0.0020768347
360,13039.075592041016,0.0,0.00010801124,19573.15044784546,0.00175,0.0024038067
361,13050.960605621338,0.0,0.000105181214,19592.773527431487,0.0014999999999999998,0.0027543043
362,13062.84561920166,0.0,0.00010309593,19612.396607017516,0.00375,0.0031227074
363,13074.730632781982,0.0,0.00010156235,19632.019686603548,0.004,0.0035029254
364,13086.615646362305,0.0,0.000100458696,19651.642766189576,0.0055000000000000005,0.003887262
365,13098.500659942627,0.0,9.966394e-05,19671.265845775604,0.0055000000000000005,0.004266233
366,13110.38567352295,0.0,9.91289e-05,19690.888925361633,0.00425,0.004631088
367,13122.270687103271,0.0,9.876171e-05,19710.51200494766,0.0052499999999999995,0.0049708956
368,13134.155700683594,0.0,9.856095e-05,19730.135084533693,0.0065,0.005276457
369,13146.040714263916,0.0,9.84661e-05,19749.75816411972,0.0065,0.00553847
370,13157.925727844238,0.0,9.850006e-05,19769.38124370575,0.0045000000000000005,0.005747674
371,13169.81074142456,0.0,9.862879e-05,19789.004323291778,0.0065,0.005898353
372,13181.695755004883,0.0,9.889566e-05,19808.627402877806,0.0075,0.0059842365
373,13193.580768585205,0.0,9.930816e-05,19828.250482463838,0.00575,0.0060033007
374,13205.465782165527,0.0,9.991171e-05,19847.873562049866,0.005999999999999999,0.005954904
375,13217.35079574585,0.0,0.00010074802,19867.496641635895,0.005999999999999999,0.0058397544
376,13229.235809326172,0.0,0.000101903584,19887.119721221923,0.004,0.005663029
377,13241.120822906494,0.0,0.00010348572,19906.74280080795,0.007249999999999999,0.0054293904
378,13253.005836486816,0.0,0.00010559587,19926.365880393983,0.0062499999999999995,0.0051473505
379,13264.890850067139,0.0,0.00010841351,19945.98895998001,0.0055000000000000005,0.004825719
380,13276.775863647461,0.0,0.000112123416,19965.61203956604,0.005250000000000001,0.004473411
381,13288.660877227783,0.0,0.000116999174,19985.23511915207,0.00375,0.0041012
382,13300.545890808105,0.0,0.00012331775,20004.858198738097,0.00475,0.0037189072
383,13312.430904388428,0.0,0.00013148304,20024.48127832413,0.0035,0.0033352573
384,13324.31591796875,0.00025,0.00014192758,20044.104357910157,0.004,0.0029594305
385,13336.200931549072,0.0,0.00015520159,20063.727437496185,0.00375,0.0025979823
386,13348.085945129395,0.0,0.00017194528,20083.350517082214,0.0022500000000000003,0.0022573126
387,13359.970958709717,0.0,0.00019288811,20102.973596668242,0.00175,0.0019417995
388,13371.855972290039,0.0,0.00021888813,20122.596676254274,0.0025,0.0016543503
389,13383.740985870361,0.0,0.00025090217,20142.219755840302,0.00125,0.0013965414
390,13395.625999450684,0.0,0.00029006085,20161.84283542633,0.00175,0.0011690726
391,13407.511013031006,0.00025,0.00033753243,20181.46591501236,0.00125,0.0009714391
392,13419.396026611328,0.0,0.00039461209,20201.088994598387,0.001,0.0008022468
393,13431.28104019165,0.00025,0.00046279206,20220.71207418442,0.0005,0.0006594193
394,13443.166053771973,0.00025,0.0005434336,20240.335153770448,0.00025,0.00054072146
395,13455.051067352295,0.001,0.0006382599,20259.958233356476,0.0007499999999999999,0.00044346732
396,13466.936080932617,0.001,0.0007484811,20279.581312942504,0.0,0.00036508706
397,13478.82109451294,0.002,0.00087586517,20299.204392528532,0.00025,0.0003030284
398,13490.706108093262,0.002,0.0010218241,20318.827472114564,0.0,0.00025489042
399,13502.591121673584,0.00075,0.0011874546,20338.450551700593,0.0,0.00021862003
400,13514.476135253906,0.00075,0.0013738675,20358.07363128662,0.0,0.00019245381
401,13526.361148834229,0.0017500000000000003,0.0015816531,20377.69671087265,0.0,0.00017496763
402,13538.24616241455,0.0025,0.0018116113,20397.319790458678,0.0,0.0001651814
403,13550.131175994873,0.0015,0.002063318,20416.94287004471,0.0,0.00016247982
404,13562.016189575195,0.00125,0.0023361521,20436.565949630738,0.00025,0.00016662283
405,13573.901203155518,0.0025,0.002629615,20456.189029216766,0.0,0.00017784492
406,13585.78621673584,0.00275,0.002941199,20475.812108802795,0.00025,0.00019669533
407,13597.671230316162,0.0025,0.0032698424,20495.435188388823,0.0,0.00022418186
408,13609.556243896484,0.0035000000000000005,0.0036106792,20515.058267974855,0.0005,0.0002616335
409,13621.441257476807,0.004,0.0039621764,20534.681347560883,0.0,0.00031077024
410,13633.326271057129,0.00425,0.0043186266,20554.30442714691,0.00025,0.00037364577
411,13645.211284637451,0.00575,0.0046767755,20573.92750673294,0.0,0.00045249722
412,13657.096298217773,0.00525,0.005030477,20593.55058631897,0.0005,0.0005499011
413,13668.981311798096,0.00625,0.0053741597,20613.173665905,0.00025,0.00066839013
414,13680.866325378418,0.00575,0.0057036383,20632.79674549103,0.001,0.0008106275
415,13692.75133895874,0.00675,0.0060118935,20652.419825077057,0.0007499999999999999,0.000979119
416,13704.636352539062,0.0072499999999999995,0.0062938463,20672.042904663085,0.002,0.0011758674
417,13716.521366119385,0.0072499999999999995,0.006543618,20691.665984249114,0.001,0.0014027205
418,13728.406379699707,0.007000000000000001,0.00675816,20711.289063835145,0.00325,0.0016604055
419,13740.29139328003,0.006,0.006931517,20730.912143421174,0.0014999999999999998,0.0019492325
420,13752.176406860352,0.008,0.0070601506,20750.535223007202,0.00175,0.002268244
421,13764.061420440674,0.0085,0.007143275,20770.158302593234,0.0035,0.0026149733
422,13775.946434020996,0.007000000000000001,0.007176692,20789.78138217926,0.00325,0.002986342
423,13787.831447601318,0.0072499999999999995,0.007162843,20809.40446176529,0.00425,0.0033769798
424,13799.71646118164,0.009,0.007097632,20829.02754135132,0.00425,0.0037810507
425,13811.601474761963,0.00575,0.006986157,20848.650620937347,0.00175,0.0041912254
426,13823.486488342285,0.0065,0.00683008,20868.27370052338,0.005,0.00459825
427,13835.371501922607,0.0085,0.006631302,20887.896780109404,0.006,0.004993721
428,13847.25651550293,0.00575,0.0063944273,20907.519859695436,0.00675,0.005366803
429,13859.141529083252,0.00625,0.006123552,20927.142939281464,0.0065,0.0057083545
430,13871.026542663574,0.00675,0.0058253477,20946.766018867493,0.0052499999999999995,0.006008921
431,13882.911556243896,0.007000000000000001,0.0055036684,20966.389098453525,0.007750000000000001,0.00625877
432,13894.796569824219,0.00525,0.0051642214,20986.01217803955,0.00675,0.0064516547
433,13906.681583404541,0.0055,0.004814046,21005.63525762558,0.0055000000000000005,0.0065802624
434,13918.566596984863,0.00425,0.004456819,21025.25833721161,0.00825,0.006641577
435,13930.451610565186,0.0035000000000000005,0.00409977,21044.881416797638,0.00375,0.0066336514
436,13942.336624145508,0.0035000000000000005,0.0037452069,21064.50449638367,0.0075,0.0065556965
437,13954.22163772583,0.0037500000000000003,0.0033998885,21084.127575969695,0.0095,0.0064115743
438,13966.106651306152,0.0025,0.0030659963,21103.750655555727,0.007750000000000001,0.0062044393
439,13977.991664886475,0.003,0.0027478682,21123.373735141755,0.00825,0.0059416667
440,13989.876678466797,0.0025,0.0024471777,21142.996814727783,0.007,0.005631106
441,14001.76169204712,0.0025,0.0021659795,21162.619894313815,0.00575,0.0052808253
442,14013.646705627441,0.0017500000000000003,0.0019061627,21182.24297389984,0.0055,0.0049016564
443,14025.531719207764,0.00075,0.0016678551,21201.86605348587,0.0055000000000000005,0.0045024804
444,14037.416732788086,0.0017500000000000003,0.0014513859,21221.4891330719,0.0035,0.0040937713
445,14049.301746368408,0.001,0.0012568693,21241.11221265793,0.004,0.0036846772
446,14061.18675994873,0.00025,0.0010832526,21260.73529224396,0.003,0.0032829242
447,14073.071773529053,0.0005,0.0009300285,21280.358371829985,0.00325,0.002896563
448,14084.956787109375,0.0005,0.00079552317,21299.981451416017,0.00175,0.0025305592
449,14096.841800689697,0.0005,0.00067884877,21319.604531002045,0.0025,0.0021899925
450,14108.72681427002,0.0005,0.00057828054,21339.227610588074,0.00125,0.0018781937
451,14120.611827850342,0.0005,0.00049230945,21358.850690174106,0.00125,0.0015966803
452,14132.496841430664,0.0,0.00041955302,21378.47376976013,0.0015,0.0013464146
453,14144.381855010986,0.00025,0.00035832476,21398.096849346162,0.0007499999999999999,0.0011270611
454,14156.266868591309,0.00075,0.00030734375,21417.71992893219,0.00025,0.00093735615
455,14168.15188217163,0.00025,0.0002650883,21437.34300851822,0.00125,0.0007756912
456,14180.036895751953,0.0,0.00023048065,21456.96608810425,0.0005,0.00063974713
457,14191.921909332275,0.00025,0.00020226545,21476.589167690276,0.0005,0.00052715535
458,14203.806922912598,0.0,0.00017949205,21496.212247276308,0.0005,0.00043535366
459,14215.69193649292,0.0,0.00016123505,21515.835326862336,0.0,0.00036175674
460,14227.576950073242,0.0,0.00014670898,21535.458406448364,0.00025,0.00030410246
461,14239.461963653564,0.0,0.0001352427,21555.081486034396,0.00025,0.00026021505
462,14251.346977233887,0.0,0.00012627972,21574.70456562042,0.00025,0.00022831211
463,14263.231990814209,0.0,0.00011931476,21594.327645206453,0.0,0.00020698224
464,14275.117004394531,0.0,0.00011394495,21613.95072479248,0.00025,0.0001951036
465,14287.002017974854,0.0,0.00010986981,21633.57380437851,0.0,0.00019205455
466,14298.887031555176,0.0,0.000106803134,21653.19688396454,0.0,0.00019756115
467,14310.772045135498,0.0,0.00010452386,21672.819963550566,0.0,0.00021177817
468,14322.65705871582,0.0,0.00010287716,21692.443043136598,0.0,0.00023520812
469,14334.542072296143,0.0,0.0001017493,21712.066122722626,0.00025,0.00026878036
470,14346.427085876465,0.0,0.00010100585,21731.689202308655,0.00025,0.00031370594
471,14358.312099456787,0.0,0.000100644465,21751.312281894687,0.0005,0.00037153185
472,14370.19711303711,0.0,0.000100581194,21770.93536148071,0.0,0.00044403656
473,14382.082126617432,0.0,0.00010081776,21790.558441066743,0.0005,0.00053324265
474,14393.967140197754,0.0,0.000101378995,21810.18152065277,0.0007499999999999999,0.0006411202
475,14405.852153778076,0.0,0.000102291284,21829.8046002388,0.00075,0.000769877
476,14417.737167358398,0.0,0.000103625076,21849.427679824832,0.00075,0.00092129415
477,14429.62218093872,0.0,0.000105443614,21869.050759410857,0.0015,0.0010972243
478,14441.507194519043,0.0,0.00010789168,21888.67383899689,0.00175,0.0012989736
479,14453.392208099365,0.0,0.0001110967,21908.296918582917,0.00125,0.0015271363
480,14465.277221679688,0.0,0.000115273266,21927.919998168945,0.0022500000000000003,0.0017820263
481,14477.16223526001,0.0,0.000120639204,21947.543077754977,0.0015,0.0020625687
482,14489.047248840332,0.00025,0.0001274617,21967.166157341002,0.0022500000000000003,0.002367255
483,14500.932262420654,0.0,0.00013610182,21986.789236927034,0.00125,0.0026933742
484,14512.817276000977,0.0,0.00014695842,22006.412316513062,0.0029999999999999996,0.0030366622
485,14524.702289581299,0.00025,0.00016050591,22026.03539609909,0.003,0.0033927446
486,14536.587303161621,0.00025,0.00017726494,22045.658475685123,0.0052499999999999995,0.0037549678
487,14548.472316741943,0.0005,0.00019790675,22065.281555271147,0.0052499999999999995,0.0041170367
488,14560.357330322266,0.0,0.00022308179,22084.90463485718,0.0055000000000000005,0.0044714115
489,14572.242343902588,0.0,0.00025364629,22104.527714443208,0.005250000000000001,0.0048093824
490,14584.12735748291,0.0,0.00029050582,22124.150794029236,0.0052499999999999995,0.0051237503
491,14596.012371063232,0.00025,0.0003345252,22143.773873615268,0.0052499999999999995,0.0054053958
492,14607.897384643555,0.00025,0.00038688193,22163.396953201292,0.0055,0.005647587
493,14619.782398223877,0.00075,0.0004485775,22183.020032787324,0.00575,0.0058436696
494,14631.6674118042,0.00075,0.000520896,22202.643112373353,0.005999999999999999,0.0059871143
495,14643.552425384521,0.0,0.0006049385,22222.26619195938,0.0052499999999999995,0.0060749836
496,14655.437438964844,0.00125,0.00070187513,22241.889271545413,0.00675,0.006103745
497,14667.322452545166,0.00125,0.0008130453,22261.512351131438,0.00675,0.006072228
498,14679.207466125488,0.001,0.0009393976,22281.13543071747,0.005250000000000001,0.0059832656
499,14691.09247970581,0.00275,0.0010819826,22300.758510303498,0.0055000000000000005,0.0058375727
500,14702.977493286133,0.0005,0.0012415331,22320.381589889526,0.006,0.0056400253
501,14714.862506866455,0.00075,0.0014188975,22340.00466947556,0.004,0.005395711
502,14726.747520446777,0.00125,0.0016146781,22359.627749061583,0.007249999999999999,0.005113087
503,14738.6325340271,0.003,0.001828145,22379.250828647615,0.0062499999999999995,0.0047979606
504,14750.517547607422,0.001,0.002060046,22398.873908233643,0.0045000000000000005,0.0044585895
505,14762.402561187744,0.002,0.0023089526,22418.49698781967,0.00425,0.004104471
506,14774.287574768066,0.002,0.0025748112,22438.120067405704,0.0042499999999999994,0.0037422432
507,14786.172588348389,0.00125,0.0028545868,22457.74314699173,0.005,0.0033799382
508,14798.057601928711,0.004,0.003147631,22477.36622657776,0.0035,0.003024367
509,14809.942615509033,0.005,0.0034514195,22496.98930616379,0.0022500000000000003,0.0026814772
510,14821.827629089355,0.00425,0.003762496,22516.612385749817,0.0022500000000000003,0.0023559597
511,14833.712642669678,0.0037500000000000003,0.0040778266,22536.23546533585,0.00175,0.0020523544
512,14845.59765625,0.00575,0.0043933447,22555.858544921874,0.00325,0.0017726778
513,14857.482669830322,0.0055,0.004706198,22575.481624507906,0.0014999999999999998,0.001518726
514,14869.367683410645,0.00525,0.0050110663,22595.104704093934,0.00125,0.0012917263
515,14881.252696990967,0.006,0.005303416,22614.727783679962,0.00125,0.0010911247
516,14893.137710571289,0.005,0.0055802837,22634.350863265994,0.00075,0.00091623585
517,14905.022724151611,0.006,0.0058359085,22653.97394285202,0.00125,0.0007660126
518,14916.907737731934,0.00575,0.0060665286,22673.59702243805,0.0005,0.00063848373
519,14928.792751312256,0.007749999999999999,0.006267751,22693.22010202408,0.0,0.00053178583
520,14940.677764892578,0.00475,0.0064371224,22712.843181610107,0.0005,0.00044398382
521,14952.5627784729,0.00675,0.0065722903,22732.46626119614,0.00025,0.0003729222
522,14964.447792053223,0.0072499999999999995,0.006667389,22752.089340782164,0.00025,0.00031668894
523,14976.332805633545,0.007500000000000001,0.0067246994,22771.712420368196,0.00025,0.00027351564
524,14988.217819213867,0.008749999999999999,0.0067402646,22791.335499954224,0.0,0.00024192501
525,15000.10283279419,0.007749999999999999,0.006716133,22810.958579540253,0.00025,0.00022062751
526,15011.987846374512,0.007000000000000001,0.0066510146,22830.581659126285,0.0,0.00020868093
527,15023.872859954834,0.006,0.006546104,22850.20473871231,0.0,0.0002055111
528,15035.757873535156,0.00575,0.0064050057,22869.82781829834,0.0,0.00021078638
529,15047.642887115479,0.006,0.0062285536,22889.45089788437,0.0005,0.00022453853
530,15059.5279006958,0.0065,0.006020427,22909.073977470398,0.0,0.00024712994
531,15071.412914276123,0.0105,0.005783712,22928.69705705643,0.00025,0.00027912582
532,15083.297927856445,0.005,0.005523428,22948.320136642455,0.00025,0.00032139843
533,15095.182941436768,0.00575,0.005244165,22967.943216228487,0.00125,0.00037495224
534,15107.06795501709,0.00475,0.0049475534,22987.566295814515,0.00025,0.0004411121
535,15118.952968597412,0.007000000000000001,0.0046411552,23007.189375400543,0.0005,0.00052105304
536,15130.837982177734,0.00575,0.0043272465,23026.812454986575,0.0005,0.00061609736
537,15142.722995758057,0.00325,0.0040118704,23046.4355345726,0.0005,0.0007276296
538,15154.608009338379,0.0035000000000000005,0.0036964703,23066.058614158632,0.0007499999999999999,0.0008566016
539,15166.493022918701,0.0045,0.0033867594,23085.68169374466,0.001,0.0010037919
540,15178.378036499023,0.0017500000000000003,0.0030855075,23105.30477333069,0.001,0.0011699778
541,15190.263050079346,0.00225,0.0027949275,23124.92785291672,0.00175,0.0013549206
542,15202.148063659668,0.003,0.002517624,23144.550932502745,0.00075,0.0015581774
543,15214.03307723999,0.002,0.0022553294,23164.174012088777,0.002,0.0017784392
544,15225.918090820312,0.00275,0.0020099909,23183.797091674805,0.0022500000000000003,0.0020144167
545,15237.803104400635,0.00125,0.0017819622,23203.420171260834,0.002,0.0022630496
546,15249.688117980957,0.002,0.0015719015,23223.043250846866,0.0025,0.0025209642
547,15261.57313156128,0.001,0.0013803395,23242.66633043289,0.00375,0.002785038
548,15273.458145141602,0.0017500000000000003,0.001206606,23262.289410018922,0.0027500000000000003,0.0030499173
549,15285.343158721924,0.00075,0.0010507772,23281.91248960495,0.004,0.003310454
550,15297.228172302246,0.0017500000000000003,0.00091151235,23301.53556919098,0.0035,0.0035623005
551,15309.113185882568,0.0015,0.0007884577,23321.15864877701,0.00625,0.0037988182
552,15320.99819946289,0.00125,0.0006804753,23340.781728363036,0.00325,0.004014805
553,15332.883213043213,0.0005,0.0005862755,23360.404807949068,0.007,0.0042044497
554,15344.768226623535,0.0005,0.0005048089,23380.027887535096,0.005250000000000001,0.004364254
555,15356.653240203857,0.0005,0.00043481117,23399.650967121124,0.00475,0.004488675
556,15368.53825378418,0.00025,0.00037516982,23419.274046707156,0.0045,0.0045742984
557,15380.423267364502,0.00075,0.00032465867,23438.89712629318,0.0045000000000000005,0.0046202163
558,15392.308280944824,0.00075,0.0002822033,23458.520205879213,0.00575,0.004623721
559,15404.193294525146,0.00025,0.0002467801,23478.14328546524,0.005250000000000001,0.0045846994
560,15416.078308105469,0.0,0.00021741621,23497.76636505127,0.0045000000000000005,0.004505703
561,15427.963321685791,0.0005,0.00019326554,23517.3894446373,0.005,0.00438743
562,15439.848335266113,0.0,0.00017350765,23537.012524223326,0.005,0.004233594
563,15451.733348846436,0.0,0.00015748698,23556.635603809358,0.005999999999999999,0.0040478543
564,15463.618362426758,0.0,0.00014457393,23576.258683395386,0.004750000000000001,0.0038362532
565,15475.50337600708,0.0,0.00013427898,23595.881762981415,0.0055,0.0036027571
566,15487.388389587402,0.0,0.000126101,23615.504842567447,0.0035,0.003353016
567,15499.273403167725,0.0,0.000119666925,23635.12792215347,0.00325,0.0030939768
568,15511.158416748047,0.0,0.00011469419,23654.751001739503,0.0022500000000000003,0.0028290537
569,15523.04343032837,0.0,0.00011086465,23674.37408132553,0.00375,0.0025644796
570,15534.928443908691,0.0,0.00010800243,23693.99716091156,0.0022500000000000003,0.0023053528
571,15546.813457489014,0.0,0.00010593591,23713.620240497592,0.00125,0.0020549013
572,15558.698471069336,0.0,0.00010451051,23733.243320083617,0.0022500000000000003,0.001816628
573,15570.583484649658,0.0,0.000103654675,23752.86639966965,0.0014999999999999998,0.0015937027
574,15582.46849822998,0.0,0.000103289814,23772.489479255677,0.00125,0.0013875242
575,15594.353511810303,0.0,0.000103424965,23792.112558841705,0.00125,0.0011995386
576,15606.238525390625,0.0,0.00010398947,23811.735638427737,0.001,0.0010302656
577,15618.123538970947,0.0,0.000105065374,23831.358718013762,0.0015,0.00088003674
578,15630.00855255127,0.0,0.00010665129,23850.981797599794,0.00125,0.0007481358
579,15641.893566131592,0.0,0.00010887379,23870.604877185822,0.00025,0.0006338316
580,15653.778579711914,0.0,0.000111786605,23890.22795677185,0.00075,0.0005361939
581,15665.663593292236,0.0,0.0001155564,23909.851036357883,0.00025,0.00045380785
582,15677.548606872559,0.0,0.00012032941,23929.474115943907,0.001,0.00038535538
583,15689.43362045288,0.0,0.0001263148,23949.09719552994,0.0005,0.00032954625
584,15701.318634033203,0.0,0.0001337512,23968.720275115968,0.0,0.00028497766
585,15713.203647613525,0.0,0.00014289585,23988.343354701996,0.0,0.00025045377
586,15725.088661193848,0.0005,0.00015409084,24007.966434288028,0.0,0.00022495013
587,15736.97367477417,0.0,0.00016767769,24027.589513874052,0.0,0.00020753345
588,15748.858688354492,0.0,0.00018409002,24047.212593460084,0.00025,0.00019750997
589,15760.743701934814,0.0,0.00020373982,24066.835673046113,0.00025,0.00019440232
590,15772.628715515137,0.00025,0.00022718191,24086.45875263214,0.0,0.0001979505
591,15784.513729095459,0.0005,0.0002548914,24106.081832218173,0.0,0.00020803894
592,15796.398742675781,0.0,0.00028754823,24125.704911804198,0.00025,0.0002247855
593,15808.283756256104,0.0005,0.00032565361,24145.32799139023,0.0,0.00024849916
594,15820.168769836426,0.00025,0.00036993794,24164.951070976258,0.0,0.00027956674
595,15832.053783416748,0.00025,0.00042098956,24184.574150562286,0.00025,0.00031850324
596,15843.93879699707,0.0005,0.00047956532,24204.19723014832,0.00075,0.00036599123
597,15855.823810577393,0.0005,0.0005462275,24223.820309734343,0.0,0.00042258235
598,15867.708824157715,0.0005,0.0006215743,24243.443389320375,0.0005,0.0004889318
599,15879.593837738037,0.00025,0.00070630515,24263.066468906403,0.00025,0.0005655065
600,15891.47885131836,0.0005,0.0008007851,24282.68954849243,0.00025,0.0006529115
601,15903.363864898682,0.0005,0.00090537855,24302.312628078464,0.00175,0.0007512007
602,15915.248878479004,0.002,0.0010205756,24321.93570766449,0.00125,0.0008603655
603,15927.133892059326,0.0015,0.0011462016,24341.55878725052,0.00175,0.0009803507
604,15939.018905639648,0.00225,0.0012826811,24361.18186683655,0.001,0.0011103107
605,15950.90391921997,0.0015,0.0014290703,24380.804946422577,0.0015,0.0012492039
606,15962.788932800293,0.00125,0.0015856794,24400.42802600861,0.002,0.0013960475
607,15974.673946380615,0.001,0.0017512472,24420.051105594634,0.0025,0.0015487133
608,15986.558959960938,0.002,0.0019254307,24439.674185180666,0.002,0.001705204
609,15998.44397354126,0.00325,0.0021066521,24459.297264766694,0.0022500000000000003,0.001862838
610,16010.328987121582,0.00275,0.002293458,24478.920344352722,0.00275,0.0020194151
611,16022.214000701904,0.0035000000000000005,0.0024848366,24498.543423938754,0.0032500000000000003,0.0021714354
612,16034.099014282227,0.0035000000000000005,0.0026783529,24518.16650352478,0.00275,0.002315694
613,16045.984027862549,0.00225,0.002872187,24537.78958311081,0.0029999999999999996,0.00244978
614,16057.869041442871,0.00475,0.0030638357,24557.41266269684,0.00375,0.0025699628
615,16069.754055023193,0.004,0.0032515386,24577.035742282867,0.0025,0.0026733042
616,16081.639068603516,0.0025,0.00343322,24596.6588218689,0.0025,0.0027581216
617,16093.524082183838,0.005,0.0036046663,24616.281901454924,0.00375,0.0028214592
618,16105.40909576416,0.00575,0.0037655833,24635.904981040956,0.00325,0.0028619608
619,16117.294109344482,0.0055,0.003912037,24655.528060626984,0.00175,0.0028782818
620,16129.179122924805,0.005,0.0040431735,24675.151140213013,0.00375,0.0028708791
621,16141.064136505127,0.006,0.004155961,24694.774219799045,0.0032500000000000003,0.0028390586
622,16152.94915008545,0.00625,0.0042485804,24714.39729938507,0.00475,0.0027836633
623,16164.834163665771,0.006,0.004320656,24734.0203789711,0.00325,0.0027069836
624,16176.719177246094,0.0045,0.004369913,24753.64345855713,0.0029999999999999996,0.0026100886
625,16188.604190826416,0.004,0.0043959166,24773.266538143158,0.00175,0.0024954288
626,16200.489204406738,0.00525,0.004397853,24792.88961772919,0.0035,0.00236675
627,16212.37421798706,0.0072499999999999995,0.0043764445,24812.512697315215,0.0025,0.0022255434
628,16224.259231567383,0.0055,0.0043324167,24832.135776901247,0.00175,0.0020757157
629,16236.144245147705,0.00575,0.004264262,24851.758856487275,0.001,0.0019207909
630,16248.029258728027,0.006,0.004175671,24871.381936073303,0.0015,0.0017631538
631,16259.91427230835,0.0045,0.004066272,24891.005015659335,0.002,0.0016058639
632,16271.799285888672,0.0045,0.003939186,24910.62809524536,0.0015,0.0014513911
633,16283.684299468994,0.00575,0.0037953297,24930.251174831392,0.0025,0.0013024108
634,16295.569313049316,0.0035000000000000005,0.0036369327,24949.87425441742,0.0005,0.0011603655
635,16307.454326629639,0.0037500000000000003,0.0034672283,24969.49733400345,0.00075,0.0010268328
636,16319.339340209961,0.00425,0.003287695,24989.12041358948,0.0015,0.00090322486
637,16331.224353790283,0.0025,0.0031010641,25008.743493175505,0.0022500000000000003,0.000789953
638,16343.109367370605,0.003,0.002909532,25028.366572761537,0.0005,0.00068748195
639,16354.994380950928,0.00225,0.00271615,25047.989652347565,0.0007499999999999999,0.0005960606
640,16366.87939453125,0.00275,0.0025224132,25067.612731933594,0.00075,0.0005153136
641,16378.764408111572,0.00325,0.0023306129,25087.235811519626,0.0005,0.000444919
642,16390.649421691895,0.0037500000000000003,0.0021426594,25106.85889110565,0.0005,0.0003842811
643,16402.534435272217,0.0025,0.0019600398,25126.481970691682,0.00025,0.00033284051
644,16414.41944885254,0.002,0.0017846645,25146.10505027771,0.0005,0.0002897454
645,16426.30446243286,0.002,0.0016171214,25165.72812986374,0.00025,0.00025429117
646,16438.189476013184,0.0015,0.0014587936,25185.35120944977,0.0,0.0002257663
647,16450.074489593506,0.00125,0.0013103378,25204.974289035796,0.0,0.00020344797
648,16461.959503173828,0.0015,0.001171936,25224.597368621828,0.00025,0.00018672574
649,16473.84451675415,0.002,0.0010444007,25244.220448207856,0.0005,0.00017509585
650,16485.729530334473,0.0,0.00092697114,25263.843527793884,0.0,0.00016810736
651,16497.614543914795,0.002,0.0008202957,25283.466607379916,0.0,0.0001654499
652,16509.499557495117,0.001,0.00072393345,25303.08968696594,0.00025,0.00016688691
653,16521.38457107544,0.0005,0.00063732266,25322.712766551973,0.0,0.00017233506
654,16533.26958465576,0.00025,0.00056021265,25342.335846138,0.00025,0.00018174824
655,16545.154598236084,0.00025,0.0004918687,25361.95892572403,0.0,0.00019519341
656,16557.039611816406,0.0005,0.00043182418,25381.58200531006,0.0,0.00021281537
657,16568.92462539673,0.00075,0.00037936168,25401.205084896086,0.0,0.00023477136
658,16580.80963897705,0.00025,0.00033377268,25420.828164482118,0.0,0.00026126148
659,16592.694652557373,0.0,0.00029452154,25440.451244068146,0.0007499999999999999,0.00029253832
660,16604.579666137695,0.0,0.0002608652,25460.074323654175,0.0,0.0003287574
661,16616.464679718018,0.00025,0.00023224247,25479.697403240207,0.00025,0.00037006804
662,16628.34969329834,0.0,0.00020802308,25499.32048282623,0.00025,0.0004165168
663,16640.234706878662,0.0,0.00018768951,25518.943562412263,0.0,0.0004682003
664,16652.119720458984,0.0,0.00017068988,25538.56664199829,0.001,0.00052486703
665,16664.004734039307,0.00025,0.00015661123,25558.18972158432,0.00075,0.0005862296
666,16675.88974761963,0.0005,0.0001449892,25577.812801170352,0.00125,0.00065200595
667,16687.77476119995,0.0,0.0001354985,25597.435880756377,0.001,0.00072145404
668,16699.659774780273,0.0,0.00012778027,25617.05896034241,0.0005,0.00079379336
669,16711.544788360596,0.0,0.00012157172,25636.682039928437,0.00025,0.00086829875
670,16723.429801940918,0.0,0.0001166204,25656.305119514465,0.001,0.0009436828
671,16735.31481552124,0.0,0.000112718524,25675.928199100497,0.0,0.0010188053
672,16747.199829101562,0.0,0.000109704015,25695.551278686522,0.0015,0.0010922271
673,16759.084842681885,0.0,0.000107417574,25715.174358272554,0.00025,0.001162887
674,16770.969856262207,0.0,0.00010575375,25734.797437858582,0.0005,0.0012290538
675,16782.85486984253,0.0,0.00010464741,25754.42051744461,0.002,0.0012893002
676,16794.73988342285,0.0,0.0001039929,25774.043597030643,0.001,0.0013426807
677,16806.624897003174,0.0,0.000103786166,25793.666676616667,0.00075,0.0013876056
678,16818.509910583496,0.0,0.00010397737,25813.2897562027,0.00125,0.0014229894
679,16830.39492416382,0.0,0.0001045828,25832.912835788728,0.002,0.0014484207
680,16842.27993774414,0.0,0.00010559531,25852.535915374756,0.00075,0.0014628506
681,16854.164951324463,0.0,0.000107058,25872.158994960788,0.00125,0.0014660677
682,16866.049964904785,0.0,0.00010903071,25891.782074546813,0.00075,0.001457843
683,16877.934978485107,0.0,0.00011154932,25911.405154132844,0.0014999999999999998,0.0014388214
684,16889.81999206543,0.0,0.000114713286,25931.028233718873,0.0014999999999999998,0.0014090268
685,16901.705005645752,0.0,0.000118620075,25950.6513133049,0.001,0.0013691967
686,16913.590019226074,0.0,0.00012336945,25970.274392890933,0.00125,0.0013208081
687,16925.475032806396,0.0,0.00012912655,25989.897472476958,0.001,0.0012641915
688,16937.36004638672,0.0,0.00013601064,26009.52055206299,0.0007499999999999999,0.0012010331
689,16949.24505996704,0.0,0.00014420101,26029.143631649018,0.0014999999999999998,0.0011329209
690,16961.130073547363,0.0,0.00015388013,26048.766711235046,0.00075,0.0010609049
691,16973.015087127686,0.0,0.00016524972,26068.38979082108,0.00025,0.0009864221
692,16984.900100708008,0.00025,0.00017853179,26088.012870407103,0.00125,0.0009111282
693,16996.78511428833,0.00025,0.00019391913,26107.635949993135,0.00025,0.0008359977
694,17008.670127868652,0.00025,0.00021170573,26127.259029579163,0.0007499999999999999,0.0007622934
695,17020.555141448975,0.0,0.00023207959,26146.88210916519,0.00025,0.0006909684
696,17032.440155029297,0.0005,0.00025532942,26166.505188751224,0.001,0.00062306446
697,17044.32516860962,0.00025,0.00028166926,26186.12826833725,0.00025,0.0005590733
698,17056.21018218994,0.001,0.00031129603,26205.75134792328,0.00025,0.0004995284
699,17068.095195770264,0.00025,0.0003444985,26225.37442750931,0.00025,0.00044491136
700,17079.980209350586,0.0,0.00038139423,26244.997507095337,0.00025,0.0003952784
701,17091.86522293091,0.0,0.00042223127,26264.62058668137,0.00025,0.00035071335
702,17103.75023651123,0.0,0.00046702358,26284.243666267394,0.0,0.0003112248
703,17115.635250091553,0.00075,0.0005159301,26303.866745853426,0.00025,0.00027657778
704,17127.520263671875,0.00075,0.0005690759,26323.489825439454,0.00025,0.00024656497
705,17139.405277252197,0.00025,0.0006260354,26343.112905025482,0.00075,0.00022088551
706,17151.29029083252,0.001,0.0006871186,26362.735984611514,0.00025,0.00019925764
707,17163.17530441284,0.001,0.00075185753,26382.35906419754,0.00025,0.0001813137
708,17175.060317993164,0.0015,0.00082013506,26401.98214378357,0.0,0.00016672428
709,17186.945331573486,0.001,0.0008916206,26421.6052233696,0.00025,0.0001551942
710,17198.83034515381,0.001,0.00096566556,26441.228302955627,0.0,0.00014641524
711,17210.71535873413,0.00025,0.0010420361,26460.85138254166,0.0,0.00014013355
712,17222.600372314453,0.00075,0.0011199922,26480.474462127684,0.0,0.00013615383
713,17234.485385894775,0.00075,0.0011986522,26500.097541713716,0.0,0.00013428219
714,17246.370399475098,0.001,0.0012774237,26519.720621299744,0.0,0.00013439101
715,17258.25541305542,0.00075,0.0013556202,26539.343700885773,0.0,0.00013640866
716,17270.140426635742,0.001,0.0014324146,26558.966780471805,0.0,0.0001402647
717,17282.025440216064,0.002,0.0015065561,26578.58986005783,0.0,0.00014594688
718,17293.910453796387,0.0015,0.001577649,26598.21293964386,0.0,0.00015345665
719,17305.79546737671,0.0005,0.0016442735,26617.83601922989,0.00025,0.0001628317
720,17317.68048095703,0.0015,0.0017062459,26637.459098815918,0.00025,0.00017409596
721,17329.565494537354,0.0037500000000000003,0.0017618922,26657.08217840195,0.0,0.0001872715
722,17341.450508117676,0.0015,0.001810848,26676.705257987975,0.0,0.00020241643
723,17353.335521697998,0.0015,0.0018527291,26696.328337574007,0.00025,0.0002195129
724,17365.22053527832,0.00225,0.0018863275,26715.951417160035,0.0,0.00023852693
725,17377.105548858643,0.00075,0.001911775,26735.574496746063,0.0,0.00025944944
726,17388.990562438965,0.0025,0.0019280554,26755.197576332095,0.0005,0.00028213457
727,17400.875576019287,0.003,0.0019355722,26774.82065591812,0.0,0.00030644465
728,17412.76058959961,0.0015,0.001933885,26794.443735504152,0.0005,0.00033214473
729,17424.64560317993,0.0017500000000000003,0.0019225401,26814.06681509018,0.0005,0.00035905017
730,17436.530616760254,0.00225,0.0019026778,26833.68989467621,0.0005,0.00038676462
731,17448.415630340576,0.00225,0.0018737823,26853.31297426224,0.0005,0.00041490613
732,17460.3006439209,0.00125,0.0018369161,26872.936053848265,0.00025,0.00044315605
733,17472.18565750122,0.002,0.0017920019,26892.559133434297,0.00025,0.0004709536
734,17484.070671081543,0.00225,0.0017401294,26912.182213020325,0.0,0.00049780495
735,17495.955684661865,0.0015,0.0016820356,26931.805292606354,0.00075,0.00052333775
736,17507.840698242188,0.00125,0.0016183335,26951.428372192386,0.00025,0.0005469176
737,17519.72571182251,0.00075,0.0015496358,26971.05145177841,0.00025,0.0005681059
738,17531.610725402832,0.0015,0.0014771214,26990.674531364442,0.0007499999999999999,0.0005864004
739,17543.495738983154,0.00075,0.0014017795,27010.29761095047,0.0005,0.00060155196
740,17555.380752563477,0.00075,0.0013245023,27029.9206905365,0.00075,0.0006130694
741,17567.2657661438,0.00125,0.0012458247,27049.54377012253,0.0005,0.0006206766
742,17579.15077972412,0.0005,0.0011670077,27069.166849708556,0.0,0.00062437117
743,17591.035793304443,0.00125,0.0010884426,27088.789929294588,0.0007499999999999999,0.00062389823
744,17602.920806884766,0.0005,0.0010113787,27108.413008880616,0.00125,0.00061926653
745,17614.805820465088,0.00125,0.0009356452,27128.036088466644,0.0005,0.0006107547
746,17626.69083404541,0.00075,0.0008625607,27147.659168052676,0.00025,0.0005984429
747,17638.575847625732,0.0005,0.0007924124,27167.2822476387,0.00125,0.00058245665
748,17650.460861206055,0.00025,0.0007254327,27186.905327224733,0.0,0.0005634713
749,17662.345874786377,0.00025,0.0006621728,27206.52840681076,0.0007499999999999999,0.0005416889
750,17674.2308883667,0.0005,0.00060265575,27226.15148639679,0.0005,0.0005176246
751,17686.11590194702,0.0005,0.00054724223,27245.77456598282,0.00075,0.0004917236
752,17698.000915527344,0.0005,0.0004958936,27265.397645568846,0.00025,0.00046461585
753,17709.885929107666,0.00025,0.00044855935,27285.020725154878,0.0005,0.00043667096
754,17721.77094268799,0.00025,0.00040538696,27304.643804740906,0.00025,0.00040838128
755,17733.65595626831,0.0005,0.00036612822,27324.266884326935,0.0,0.00038029367
756,17745.540969848633,0.00025,0.00033074824,27343.889963912967,0.0,0.00035271488
757,17757.425983428955,0.00025,0.00029898726,27363.51304349899,0.0,0.00032601424
758,17769.310997009277,0.0,0.00027070963,27383.136123085023,0.0005,0.00030056492
759,17781.1960105896,0.0,0.00024563615,27402.75920267105,0.0,0.00027653764
760,17793.081024169922,0.0,0.00022360025,27422.38228225708,0.0,0.00025414012
761,17804.966037750244,0.0005,0.00020428015,27442.005361843112,0.0,0.00023348813
762,17816.851051330566,0.0,0.00018747062,27461.628441429137,0.0,0.00021469661
763,17828.73606491089,0.0,0.00017295864,27481.25152101517,0.0,0.00019774878
764,17840.62107849121,0.0,0.00016046151,27500.874600601197,0.00025,0.00018263342
765,17852.506092071533,0.00025,0.0001497898,27520.497680187225,0.0,0.00016932929
766,17864.391105651855,0.0,0.000140727,27540.120759773257,0.00025,0.00015772849
767,17876.276119232178,0.0,0.00013306465,27559.743839359282,0.0,0.00014773835
768,17888.1611328125,0.0,0.00012664101,27579.366918945314,0.0,0.00013926519
769,17900.046146392822,0.0,0.000121275225,27598.989998531342,0.0,0.00013217439
770,17911.931159973145,0.0,0.000116829615,27618.61307811737,0.0,0.00012635114
771,17923.816173553467,0.0,0.00011317457,27638.236157703403,0.0,0.0001216822
772,17935.70118713379,0.0,0.000110196605,27657.859237289427,0.0,0.00011806461
773,17947.58620071411,0.0,0.000107790685,27677.48231687546,0.0,0.000115393086
774,17959.471214294434,0.0,0.000105867904,27697.105396461488,0.0,0.00011358522
775,17971.356227874756,0.0,0.00010436393,27716.728476047516,0.0,0.000112574045
776,17983.241241455078,0.0,0.000103206956,27736.351555633548,0.0,0.000112292306
777,17995.1262550354,0.0,0.000102362304,27755.974635219573,0.0,0.000112698464
778,18007.011268615723,0.0,0.00010177686,27775.597714805604,0.0,0.00011375949
779,18018.896282196045,0.0,0.000101426005,27795.220794391633,0.0,0.00011544917
780,18030.781295776367,0.0,0.00010129556,27814.84387397766,0.0,0.000117751726
781,18042.66630935669,0.0,0.000101356825,27834.466953563693,0.0,0.00012065362
782,18054.55132293701,0.0,0.00010161967,27854.090033149718,0.00025,0.00012415767
783,18066.436336517334,0.0,0.0001020723,27873.71311273575,0.0,0.0001282479
784,18078.321350097656,0.0,0.00010273184,27893.336192321778,0.0,0.00013291318
785,18090.20636367798,0.0,0.000103602324,27912.959271907806,0.0,0.00013815239
786,18102.0913772583,0.0,0.00010471012,27932.58235149384,0.0,0.00014393273
787,18113.976390838623,0.0,0.00010607359,27952.205431079863,0.0,0.00015021904
788,18125.861404418945,0.0,0.00010772898,27971.828510665895,0.0,0.00015698635
789,18137.746417999268,0.00025,0.00010969473,27991.451590251923,0.0,0.00016416135
790,18149.63143157959,0.0,0.00011202829,28011.07466983795,0.0,0.00017168032
791,18161.516445159912,0.0,0.00011476162,28030.697749423984,0.0,0.00017944729
792,18173.401458740234,0.00025,0.00011793809,28050.32082901001,0.00025,0.00018739124
793,18185.286472320557,0.0,0.00012161169,28069.94390859604,0.0,0.000195378
794,18197.17148590088,0.0,0.00012583236,28089.56698818207,0.00025,0.00020328037
795,18209.0564994812,0.00025,0.00013064813,28109.190067768097,0.0,0.00021100401
796,18220.941513061523,0.0,0.00013612099,28128.81314735413,0.0,0.00021838244
797,18232.826526641846,0.0,0.00014229484,28148.436226940154,0.0,0.00022527557
798,18244.711540222168,0.0,0.0001492331,28168.059306526186,0.0,0.0002315928
799,18256.59655380249,0.0,0.00015699018,28187.682386112214,0.0,0.0002371678
800,18268.481567382812,0.0,0.00016557025,28207.305465698242,0.0,0.00024189956
801,18280.366580963135,0.0,0.00017506178,28226.928545284274,0.0,0.00024566991
802,18292.251594543457,0.00025,0.00018545716,28246.5516248703,0.0,0.00024844645
803,18304.13660812378,0.0,0.00019680614,28266.17470445633,0.0,0.00025012146
804,18316.0216217041,0.0,0.00020912355,28285.79778404236,0.0,0.0002506578
805,18327.906635284424,0.0005,0.0002223675,28305.420863628387,0.0,0.00025008986
806,18339.791648864746,0.0,0.00023657567,28325.04394321442,0.0005,0.00024839918
807,18351.67666244507,0.00025,0.00025169557,28344.667022800444,0.00025,0.000245576
808,18363.56167602539,0.0,0.00026763367,28364.290102386476,0.00025,0.00024177687
809,18375.446689605713,0.0,0.0002844111,28383.913181972504,0.0005,0.00023701965
810,18387.331703186035,0.0005,0.00030186877,28403.536261558533,0.0,0.00023140774
811,18399.216716766357,0.0005,0.000319977,28423.159341144565,0.00025,0.00022509843
812,18411.10173034668,0.0,0.00033853977,28442.78242073059,0.0,0.00021817358
813,18422.986743927002,0.00025,0.00035750432,28462.40550031662,0.0,0.0002107815
814,18434.871757507324,0.0,0.00037662935,28482.02857990265,0.0,0.00020304527
815,18446.756771087646,0.00075,0.0003958722,28501.651659488678,0.0,0.00019513252
816,18458.64178466797,0.00025,0.00041489952,28521.27473907471,0.0,0.00018713671
817,18470.52679824829,0.0,0.00043359326,28540.897818660735,0.0,0.00017918104
818,18482.411811828613,0.0,0.00045182396,28560.520898246767,0.0005,0.0001713993
819,18494.296825408936,0.00075,0.00046927092,28580.143977832795,0.0,0.00016386127
820,18506.181838989258,0.001,0.0004858599,28599.767057418823,0.0,0.00015664949
821,18518.06685256958,0.0,0.00050126243,28619.390137004855,0.0,0.00014984877
822,18529.951866149902,0.0,0.0005153924,28639.01321659088,0.0,0.00014349021
823,18541.836879730225,0.0005,0.0005281539,28658.636296176912,0.0,0.00013761433
824,18553.721893310547,0.001,0.0005390407,28678.25937576294,0.0,0.00013223907
825,18565.60690689087,0.00075,0.00054828933,28697.88245534897,0.0,0.00012738399
826,18577.49192047119,0.00075,0.0005555451,28717.505534935,0.0005,0.00012303353
827,18589.376934051514,0.0,0.00056087197,28737.128614521025,0.0,0.00011917865
828,18601.261947631836,0.0005,0.00056403165,28756.751694107057,0.0,0.00011580484
829,18613.14696121216,0.00075,0.0005651062,28776.374773693085,0.0,0.00011288045
830,18625.03197479248,0.0005,0.0005640812,28795.997853279114,0.0,0.0001103772
831,18636.916988372803,0.0005,0.00056092656,28815.620932865146,0.0,0.00010826693
832,18648.802001953125,0.00025,0.0005556075,28835.24401245117,0.0,0.00010651382
833,18660.687015533447,0.00025,0.00054827746,28854.867092037202,0.0,0.00010508584
834,18672.57202911377,0.00025,0.0005390747,28874.49017162323,0.0,0.00010395577
835,18684.45704269409,0.00075,0.00052811886,28894.11325120926,0.0,0.00010309194
836,18696.342056274414,0.001,0.00051543984,28913.736330795287,0.0,0.00010247035
837,18708.227069854736,0.00025,0.00050135114,28933.35941038132,0.0,0.00010206739
838,18720.11208343506,0.0005,0.00048594963,28952.982489967348,0.0,0.00010186531
839,18731.99709701538,0.0005,0.00046932814,28972.605569553376,0.0,0.000101846716
840,18743.882110595703,0.00025,0.00045188479,28992.228649139404,0.0,0.00010199766
841,18755.767124176025,0.0005,0.00043365665,29011.851728725433,0.0,0.00010230894
842,18767.652137756348,0.0005,0.00041496244,29031.474808311465,0.0,0.00010276983
843,18779.53715133667,0.00075,0.0003958856,29051.097887897493,0.0,0.00010337345
844,18791.422164916992,0.00025,0.00037672216,29070.72096748352,0.0,0.00010411461
845,18803.307178497314,0.00025,0.0003575484,29090.34404706955,0.0,0.00010498625
846,18815.192192077637,0.00025,0.00033864687,29109.967126655578,0.0,0.000105982646
847,18827.07720565796,0.00025,0.00032003925,29129.59020624161,0.0,0.00010709531
848,18838.96221923828,0.0005,0.00030192977,29149.213285827638,0.0,0.00010832001
849,18850.847232818604,0.0005,0.0002844689,29168.836365413666,0.00025,0.00010964367
850,18862.732246398926,0.001,0.0002676897,29188.459444999695,0.0,0.0001110538
851,18874.617259979248,0.00025,0.00025173544,29208.082524585723,0.0,0.00011254111
852,18886.50227355957,0.0,0.00023661446,29227.705604171755,0.0,0.00011408444
853,18898.387287139893,0.00025,0.00022242677,29247.328683757783,0.0,0.00011566514
854,18910.272300720215,0.0,0.00020917441,29266.95176334381,0.0,0.00011726665
855,18922.157314300537,0.00025,0.00019684607,29286.57484292984,0.0,0.00011886204
856,18934.04232788086,0.0,0.00018550156,29306.19792251587,0.0,0.0001204268
857,18945.92734146118,0.0,0.0001750852,29325.8210021019,0.0,0.00012193408
858,18957.812355041504,0.00025,0.0001656032,29345.44408168793,0.0,0.00012336473
859,18969.697368621826,0.0,0.00015699986,29365.067161273957,0.0,0.00012468589
860,18981.58238220215,0.0,0.00014925255,29384.690240859985,0.0,0.00012587153
861,18993.46739578247,0.00025,0.0001423159,29404.313320446014,0.0,0.00012690821
862,19005.352409362793,0.0005,0.00013613532,29423.936400032046,0.0,0.00012776624
863,19017.237422943115,0.0,0.00013065204,29443.559479618074,0.0,0.0001284278
864,19029.122436523438,0.0,0.00012582283,29463.182559204102,0.0,0.00012888835
865,19041.00745010376,0.0,0.000121592064,29482.80563879013,0.0,0.00012913316
866,19052.892463684082,0.0,0.00011790726,29502.42871837616,0.0,0.0001291454
867,19064.777477264404,0.0,0.0001147087,29522.05179796219,0.00025,0.00012894614
868,19076.662490844727,0.0,0.000111955305,29541.67487754822,0.0,0.00012852516
869,19088.54750442505,0.0,0.00010959053,29561.297957134248,0.0,0.0001278952
870,19100.43251800537,0.0,0.00010757748,29580.921036720276,0.0,0.00012706619
871,19112.317531585693,0.00025,0.000105866915,29600.544116306304,0.0,0.00012606438
872,19124.202545166016,0.0,0.00010442516,29620.167195892336,0.0,0.00012490014
873,19136.087558746338,0.0,0.00010321859,29639.790275478364,0.0,0.00012359668
874,19147.97257232666,0.0,0.00010221365,29659.413355064393,0.0,0.00012218687
875,19159.857585906982,0.0,0.00010138312,29679.03643465042,0.0,0.00012068758
876,19171.742599487305,0.0,0.000100700854,29698.65951423645,0.0,0.00011912515
877,19183.627613067627,0.0,0.0001001502,29718.28259382248,0.0,0.00011753218
878,19195.51262664795,0.0,9.9706354e-05,29737.90567340851,0.00025,0.00011592569
879,19207.39764022827,0.0,9.9359066e-05,29757.528752994538,0.0,0.00011433082
880,19219.282653808594,0.0,9.909225e-05,29777.151832580566,0.0,0.0001127667
881,19231.167667388916,0.0,9.889397e-05,29796.774912166595,0.0,0.00011125596
882,19243.05268096924,0.0,9.87589e-05,29816.397991752627,0.0,0.00010980918
883,19254.93769454956,0.0,9.867762e-05,29836.021071338655,0.0,0.00010843931
884,19266.822708129883,0.0,9.864539e-05,29855.644150924683,0.0,0.00010715933
885,19278.707721710205,0.0,9.865847e-05,29875.26723051071,0.0,0.00010597261
886,19290.592735290527,0.0,9.871491e-05,29894.89031009674,0.0,0.00010488362
887,19302.47774887085,0.0,9.881452e-05,29914.513389682772,0.0,0.00010389647
888,19314.362762451172,0.0,9.895377e-05,29934.1364692688,0.0,0.000103008264
889,19326.247776031494,0.0,9.913893e-05,29953.75954885483,0.0,0.000102217826
890,19338.132789611816,0.0,9.93676e-05,29973.382628440857,0.0,0.00010152094
891,19350.01780319214,0.0,9.964468e-05,29993.005708026885,0.0,0.00010091404
892,19361.90281677246,0.0,9.9974124e-05,30012.628787612917,0.0,0.00010039027
893,19373.787830352783,0.0,0.00010035625,30032.251867198946,0.0,9.994383e-05
894,19385.672843933105,0.0,0.00010080097,30051.874946784974,0.0,9.956887e-05
895,19397.557857513428,0.0,0.00010130789,30071.498026371002,0.0,9.925849e-05
896,19409.44287109375,0.0,0.000101885365,30091.12110595703,0.0,9.9006465e-05
897,19421.327884674072,0.0,0.000102534876,30110.744185543062,0.0,9.880737e-05
898,19433.212898254395,0.0,0.000103264974,30130.36726512909,0.0,9.865548e-05
899,19445.097911834717,0.0,0.000104080056,30149.99034471512,0.0,9.854581e-05
900,19456.98292541504,0.0,0.00010498199,30169.613424301147,0.0,9.847403e-05
901,19468.86793899536,0.0,0.000105980216,30189.236503887176,0.0,9.8436576e-05
902,19480.752952575684,0.0,0.00010707088,30208.859583473208,0.0,9.842959e-05
903,19492.637966156006,0.0,0.00010826032,30228.482663059236,0.0,9.8450575e-05
904,19504.522979736328,0.0,0.00010955332,30248.105742645264,0.0,9.8496945e-05
905,19516.40799331665,0.0,0.00011094547,30267.728822231293,0.0,9.856662e-05
906,19528.293006896973,0.0,0.00011244048,30287.35190181732,0.0,9.8657525e-05
907,19540.178020477295,0.0,0.00011403042,30306.974981403353,0.0,9.876823e-05
908,19552.063034057617,0.0,0.0001157194,30326.59806098938,0.0,9.8896846e-05
909,19563.94804763794,0.0,0.000117499716,30346.22114057541,0.0,9.904191e-05
910,19575.83306121826,0.00025,0.00011935537,30365.844220161438,0.0,9.920142e-05
911,19587.718074798584,0.0,0.00012129197,30385.467299747466,0.00025,9.937412e-05
912,19599.603088378906,0.0,0.00012328825,30405.0903793335,0.0,9.95574e-05
913,19611.48810195923,0.0,0.0001253409,30424.713458919527,0.00025,9.974919e-05
914,19623.37311553955,0.00025,0.00012742636,30444.336538505555,0.0,9.994755e-05
915,19635.258129119873,0.0,0.00012953978,30463.959618091583,0.0,0.000100149206
916,19647.143142700195,0.0,0.00013165297,30483.58269767761,0.00025,0.00010035131
917,19659.028156280518,0.0,0.00013376305,30503.205777263644,0.00025,0.00010055162
918,19670.91316986084,0.00025,0.00013583244,30522.828856849672,0.0,0.000100746125
919,19682.798183441162,0.0,0.00013784986,30542.4519364357,0.0,0.00010093191
920,19694.683197021484,0.0,0.00013980277,30562.07501602173,0.0,0.000101105434
921,19706.568210601807,0.0,0.00014165654,30581.698095607757,0.0,0.00010126469
922,19718.45322418213,0.0,0.00014340202,30601.32117519379,0.0,0.000101405596
923,19730.33823776245,0.0,0.0001450205,30620.944254779817,0.0,0.000101525526
924,19742.223251342773,0.0,0.0001464805,30640.567334365845,0.0,0.00010162331
925,19754.108264923096,0.0,0.00014779143,30660.190413951874,0.0,0.00010169627
926,19765.993278503418,0.0,0.00014889275,30679.813493537902,0.0,0.00010174165
927,19777.87829208374,0.0,0.00014981603,30699.436573123934,0.0,0.00010176097
928,19789.763305664062,0.0,0.00015052251,30719.059652709962,0.0,0.00010175238
929,19801.648319244385,0.0,0.00015101733,30738.68273229599,0.0,0.00010171576
930,19813.533332824707,0.0,0.00015129427,30758.30581188202,0.0,0.00010165341
931,19825.41834640503,0.0,0.00015133579,30777.928891468047,0.0,0.00010156499
932,19837.30335998535,0.0,0.00015116027,30797.55197105408,0.0,0.0001014529
933,19849.188373565674,0.0,0.00015076039,30817.175050640108,0.0,0.00010131882
934,19861.073387145996,0.0,0.00015012694,30836.798130226136,0.0,0.000101166486
935,19872.95840072632,0.0,0.00014929645,30856.421209812164,0.0,0.00010099751
936,19884.84341430664,0.0,0.0001482556,30876.044289398193,0.0,0.00010081497
937,19896.728427886963,0.0,0.00014703535,30895.667368984225,0.0,0.000100622965
938,19908.613441467285,0.0,0.00014563273,30915.290448570253,0.0,0.00010042361
939,19920.498455047607,0.00025,0.00014408168,30934.91352815628,0.0,0.00010022005
940,19932.38346862793,0.00025,0.00014238332,30954.53660774231,0.0,0.00010001604
941,19944.268482208252,0.0,0.00014057674,30974.159687328338,0.0,9.981346e-05
942,19956.153495788574,0.0,0.00013865827,30993.78276691437,0.0,9.961505e-05
943,19968.038509368896,0.0,0.00013666046,31013.4058465004,0.0,9.942281e-05
944,19979.92352294922,0.0,0.00013461019,31033.028926086427,0.00025,9.923915e-05
945,19991.80853652954,0.0,0.0001325138,31052.652005672455,0.0,9.9064964e-05
946,20003.693550109863,0.0,0.00013040334,31072.275085258483,0.0,9.8901524e-05
947,20015.578563690186,0.0,0.00012828573,31091.898164844515,0.0,9.875002e-05
948,20027.463577270508,0.0,0.00012618648,31111.521244430543,0.0,9.861056e-05
949,20039.34859085083,0.0,0.00012412612,31131.14432401657,0.0,9.848342e-05
950,20051.233604431152,0.0,0.00012209783,31150.7674036026,0.0,9.836882e-05
951,20063.118618011475,0.0,0.00012013789,31170.39048318863,0.0,9.826625e-05
952,20075.003631591797,0.0,0.00011824434,31190.01356277466,0.0,9.8175355e-05
953,20086.88864517212,0.0,0.000116434065,31209.63664236069,0.0,9.8095516e-05
954,20098.77365875244,0.0,0.00011470757,31229.259721946717,0.0,9.802617e-05
955,20110.658672332764,0.0,0.00011307608,31248.882801532745,0.0,9.796642e-05
956,20122.543685913086,0.0,0.00011154304,31268.505881118774,0.0,9.7915494e-05
957,20134.42869949341,0.0,0.000110109584,31288.128960704806,0.0,9.7872675e-05
958,20146.31371307373,0.0,0.00010877495,31307.752040290834,0.0,9.783705e-05
959,20158.198726654053,0.0,0.00010754174,31327.375119876862,0.0,9.780792e-05
960,20170.083740234375,0.0,0.000106408836,31346.99819946289,0.0,9.7784534e-05
961,20181.968753814697,0.0,0.00010537403,31366.62127904892,0.0,9.776624e-05
962,20193.85376739502,0.0,0.00010443138,31386.24435863495,0.0,9.775239e-05
963,20205.73878097534,0.0,0.00010358016,31405.86743822098,0.0,9.7742486e-05
964,20217.623794555664,0.0,0.00010281371,31425.490517807008,0.0,9.773601e-05
965,20229.508808135986,0.0,0.00010212659,31445.113597393036,0.0,9.773252e-05
966,20241.39382171631,0.0,0.0001015156,31464.736676979064,0.0,9.7731645e-05
967,20253.27883529663,0.0,0.000100973455,31484.359756565096,0.0,9.773309e-05
968,20265.163848876953,0.0,0.00010049621,31503.982836151125,0.0,9.773655e-05
969,20277.048862457275,0.0,0.00010007671,31523.605915737153,0.0,9.774174e-05
970,20288.933876037598,0.0,9.9711004e-05,31543.22899532318,0.0,9.7748474e-05
971,20300.81888961792,0.0,9.939292e-05,31562.85207490921,0.0,9.775653e-05
972,20312.703903198242,0.0,9.911827e-05,31582.47515449524,0.0,9.776568e-05
973,20324.588916778564,0.0,9.88815e-05,31602.09823408127,0.0,9.777581e-05
974,20336.473930358887,0.0,9.86789e-05,31621.721313667298,0.0,9.7786666e-05
975,20348.35894393921,0.0,9.8506294e-05,31641.344393253326,0.0,9.77981e-05
976,20360.24395751953,0.0,9.835984e-05,31660.967472839355,0.0,9.780989e-05
977,20372.128971099854,0.0,9.823633e-05,31680.590552425387,0.0,9.782191e-05
978,20384.013984680176,0.0,9.813232e-05,31700.213632011415,0.0,9.7833894e-05
979,20395.898998260498,0.0,9.804546e-05,31719.836711597443,0.0,9.784565e-05
980,20407.78401184082,0.0,9.7973156e-05,31739.45979118347,0.0,9.785706e-05
981,20419.669025421143,0.0,9.791319e-05,31759.0828707695,0.0,9.7867836e-05
982,20431.554039001465,0.0,9.7863835e-05,31778.705950355532,0.0,9.787779e-05
983,20443.439052581787,0.0,9.782312e-05,31798.32902994156,0.0,9.788684e-05
984,20455.32406616211,0.0,9.7790056e-05,31817.95210952759,0.0,9.789472e-05
985,20467.20907974243,0.0,9.776303e-05,31837.575189113617,0.0,9.790132e-05
986,20479.094093322754,0.0,9.774132e-05,31857.198268699645,0.0,9.790651e-05
987,20490.979106903076,0.0,9.7723554e-05,31876.821348285677,0.0,9.7910175e-05
988,20502.8641204834,0.0,9.770948e-05,31896.444427871706,0.0,9.791226e-05
989,20514.74913406372,0.0,9.7698256e-05,31916.067507457734,0.0,9.79127e-05
990,20526.634147644043,0.0,9.768925e-05,31935.690587043762,0.0,9.7911565e-05
991,20538.519161224365,0.0,9.7682096e-05,31955.31366662979,0.0,9.7908785e-05
992,20550.404174804688,0.0,9.7676544e-05,31974.936746215822,0.0,9.790441e-05
993,20562.28918838501,0.0,9.76721e-05,31994.55982580185,0.0,9.789863e-05
994,20574.174201965332,0.0,9.766865e-05,32014.18290538788,0.0,9.789143e-05
995,20586.059215545654,0.0,9.766605e-05,32033.805984973907,0.0,9.7882985e-05
996,20597.944229125977,0.0,9.766396e-05,32053.429064559936,0.0,9.7873504e-05
997,20609.8292427063,0.0,9.7662356e-05,32073.052144145968,0.0,9.786307e-05
998,20621.71425628662,0.0,9.766124e-05,32092.675223731996,0.0,9.78519e-05
999,20633.599269866943,0.0,9.766013e-05,32112.298303318024,0.0,9.7840144e-05
1000,20645.484283447266,0.0,9.765964e-05,32131.921382904053,0.0,9.7828044e-05
1001,20657.369297027588,0.0,9.76589e-05,32151.54446249008,0.0,9.781572e-05
1002,20669.25431060791,0.0,9.765865e-05,32171.167542076113,0.0,9.7803335e-05
1003,20681.139324188232,0.0,9.765828e-05,32190.79062166214,0.0,9.7791104e-05
1004,20693.024337768555,0.0,9.7658034e-05,32210.41370124817,0.0,9.777911e-05
1005,20704.909351348877,0.0,9.765779e-05,32230.036780834198,0.0,9.776749e-05
1006,20716.7943649292,0.0,9.765779e-05,32249.659860420226,0.0,9.775638e-05
1007,20728.67937850952,0.0,9.765766e-05,32269.28294000626,0.0,9.774583e-05
1008,20740.564392089844,0.0,9.765754e-05,32288.906019592287,0.0,9.773592e-05
1009,20752.449405670166,0.0,9.765754e-05,32308.529099178315,0.0,9.77267e-05
1010,20764.33441925049,0.0,9.765754e-05,32328.152178764343,0.0,9.77182e-05
1011,20776.21943283081,0.0,9.765754e-05,32347.77525835037,0.0,9.771042e-05
1012,20788.104446411133,0.0,9.7657416e-05,32367.398337936404,0.0,9.770337e-05
1013,20799.989459991455,0.0,9.7657416e-05,32387.021417522432,0.0,9.769704e-05
1014,20811.874473571777,0.0,9.765754e-05,32406.64449710846,0.0,9.7691394e-05
1015,20823.7594871521,0.0,9.7657416e-05,32426.26757669449,0.0,9.7686396e-05
1016,20835.644500732422,0.0,9.7657416e-05,32445.890656280517,0.0,9.768202e-05
1017,20847.529514312744,0.0,9.7657416e-05,32465.51373586655,0.0,9.767821e-05
1018,20859.414527893066,0.0,9.7657416e-05,32485.136815452577,0.0,9.7674914e-05
1019,20871.29954147339,0.0,9.7657416e-05,32504.759895038605,0.0,9.767209e-05
1020,20883.18455505371,0.0,9.7657416e-05,32524.382974624634,0.0,9.766969e-05
1021,20895.069568634033,0.0,9.7657416e-05,32544.006054210662,0.0,9.766767e-05
1022,20906.954582214355,0.0,9.7657416e-05,32563.629133796694,0.0,9.7665965e-05
1023,20918.839595794678,0.0,9.7657416e-05,32583.252213382722,0.0,9.766455e-05
