lambda, kl_divergence
1.0, 0.11403867335690532
6.004004004004004, 0.015505381048911176
11.008008008008009, 0.007964779138068354
16.012012012012015, 0.0053816993436315
21.016016016016017, 0.0040657592942036904
26.02002002002002, 0.003267342439362367
31.024024024024026, 0.002731167204833191
36.02802802802803, 0.0023462216995799477
41.032032032032035, 0.0020564048257208567
46.03603603603604, 0.0018303304390964968
51.04004004004004, 0.001649048439792862
56.04404404404405, 0.0015004440774138395
61.04804804804805, 0.0013764112752952915
66.05205205205206, 0.001271320929901856
71.05605605605606, 0.0011811416523027191
76.06006006006007, 0.0011029085857477592
81.06406406406407, 0.001034395150157321
86.06806806806807, 0.000973898038724835
91.07207207207207, 0.0009200849741751067
96.07607607607608, 0.0008719090520333788
101.08008008008008, 0.0008285260671269738
106.0840840840841, 0.0007892570326034731
111.0880880880881, 0.0007535408278008526
116.0920920920921, 0.0007209178480991715
121.0960960960961, 0.00069100283578802
126.10010010010011, 0.0006634707574679297
131.10410410410412, 0.0006380489318190876
136.10810810810813, 0.0006145037065894835
141.11211211211213, 0.0005926343537357012
146.11611611611613, 0.0005722677301261032
151.12012012012013, 0.0005532545330202382
156.12412412412414, 0.0005354642426666418
161.12812812812814, 0.0005187825279970223
166.13213213213214, 0.0005031088209950323
171.13613613613614, 0.0004883544364551527
176.14014014014015, 0.0004744407707113183
181.14414414414415, 0.00046129783719371604
186.14814814814815, 0.00044886347043109
191.15215215215215, 0.0004370818676622266
196.15615615615616, 0.0004259029369979396
201.16016016016016, 0.0004152815850255892
206.1641641641642, 0.0004051771091516848
211.1681681681682, 0.0003955526753620164
216.1721721721722, 0.0003863748696006727
221.1761761761762, 0.00037761330937265396
226.1801801801802, 0.0003692403080149088
231.1841841841842, 0.0003612305816070452
236.1881881881882, 0.0003535609744051351
241.1921921921922, 0.00034621018701269174
246.1961961961962, 0.0003391588473790532
251.20020020020021, 0.00033238900594506583
256.2042042042042, 0.00032588413788155017
261.20820820820825, 0.0003196290111129067
266.21221221221225, 0.00031360950540269047
271.21621621621625, 0.00030781253770396797
276.22022022022026, 0.0003022260252485197
281.22422422422426, 0.00029683866705938105
286.22822822822826, 0.0002916399154665513
291.23223223223226, 0.0002866201336104242
296.23623623623627, 0.00028177028189803983
301.24024024024027, 0.0002770818216000482
306.24424424424427, 0.0002725468861724924
311.2482482482483, 0.00026815797076910235
316.2522522522523, 0.00026390808871777844
321.2562562562563, 0.0002597908583072602
326.2602602602603, 0.00025580012435433427
331.2642642642643, 0.00025193020790313864
336.2682682682683, 0.00024817557629362914
341.2722722722723, 0.0002445311675779799
346.2762762762763, 0.00024099227693571523
351.2802802802803, 0.000237554407999738
356.2842842842843, 0.0002342132456983223
361.2882882882883, 0.0002309646727617389
366.2922922922923, 0.00022780501340983138
371.2962962962963, 0.00022473070130908266
376.3003003003003, 0.00022173824594899768
381.3043043043043, 0.00021882436733004773
386.3083083083083, 0.00021598609881647891
391.3123123123123, 0.00021322060897145103
396.3163163163163, 0.00021052493282421638
401.3203203203203, 0.00020789656423235304
406.3243243243244, 0.00020533308415762464
411.3283283283284, 0.00020283205395166574
416.3323323323324, 0.00020039113157966534
421.3363363363364, 0.00019800831196937634
426.3403403403404, 0.0001956815639326828
431.3443443443444, 0.00019340873142201584
436.3483483483484, 0.00019118813333402407
441.3523523523524, 0.0001890180497546163
446.3563563563564, 0.00018689652531046346
451.3603603603604, 0.00018482213807280955
456.3643643643644, 0.0001827934020137272
461.3683683683684, 0.00018080856286008338
466.3723723723724, 0.00017886641976184417
471.3763763763764, 0.00017696564620362843
476.3803803803804, 0.00017510469778822448
481.3843843843844, 0.00017328255567008023
486.3883883883884, 0.00017149799388016767
491.3923923923924, 0.00016974969543648587
496.3963963963964, 0.00016803677994316289
501.40040040040043, 0.00016635807707435094
506.40440440440443, 0.0001647125065504661
511.40840840840843, 0.0001630992960626747
516.4124124124124, 0.00016151726291221795
521.4164164164165, 0.0001599656627251536
526.4204204204204, 0.00015844366157445806
531.4244244244245, 0.00015695021493131747
536.4284284284284, 0.00015548477301248242
541.4324324324325, 0.00015404638838063367
546.4364364364365, 0.00015263435949600828
551.4404404404405, 0.00015124808174059074
556.4444444444445, 0.00014988660512865672
561.4484484484485, 0.0001485495385938518
566.4524524524525, 0.00014723605971205477
571.4564564564565, 0.000145945602755625
576.4604604604605, 0.00014467765334448632
581.4644644644645, 0.0001434314052361836
586.4684684684685, 0.00014220657481349677
591.4724724724725, 0.00014100238326048535
596.4764764764765, 0.00013981847026643636
601.4804804804805, 0.00013865427952879447
606.4844844844845, 0.00013750926295432876
611.4884884884885, 0.00013638311451850838
616.4924924924925, 0.00013527510494416905
621.4964964964965, 0.00013418508698935486
626.5005005005005, 0.0001331123959387527
631.5045045045046, 0.000132056782866265
636.5085085085085, 0.00013101775991382762
641.5125125125126, 0.00012999494554479817
646.5165165165166, 0.0001289880313169512
651.5205205205206, 0.0001279965092263811
656.5245245245246, 0.00012702023805194517
661.5285285285286, 0.00012605859313294732
666.5325325325326, 0.00012511153225644027
671.5365365365366, 0.00012417848749957631
676.5405405405406, 0.00012325934305223285
681.5445445445446, 0.00012235364338458003
686.5485485485486, 0.00012146119698139713
691.5525525525526, 0.00012058165728298827
696.5565565565566, 0.00011971476278851371
701.5605605605606, 0.00011886026495579606
706.5645645645646, 0.00011801784096378645
711.5685685685686, 0.00011718732979823878
716.5725725725727, 0.00011636835505085248
721.5765765765766, 0.0001155608325185747
726.5805805805807, 0.00011476434361481483
731.5845845845846, 0.00011397886616624684
736.5885885885887, 0.00011320394973012813
741.5925925925926, 0.0001124396098170586
746.5965965965967, 0.00011168541893836722
751.6006006006006, 0.00011094137189749894
756.6046046046047, 0.0001102070881946666
761.6086086086086, 0.00010948253768240657
766.6126126126127, 0.00010876738185421715
771.6166166166166, 0.00010806157290753826
776.6206206206207, 0.00010736480535212568
781.6246246246246, 0.00010667702175512928
786.6286286286287, 0.0001059979414658181
791.6326326326326, 0.00010532750167541443
796.6366366366367, 0.00010466544166580902
801.6406406406406, 0.00010401170023499438
806.6446446446447, 0.00010336602751401442
811.6486486486488, 0.00010272837017953791
816.6526526526527, 0.00010209848208408523
821.6566566566568, 0.0001014763233328159
826.6606606606607, 0.00010086164719348137
831.6646646646648, 0.0001002544302536459
836.6686686686687, 9.965441925971475e-05
841.6726726726728, 9.906161476287727e-05
846.6766766766767, 9.847574941382336e-05
851.6806806806808, 9.789683975455532e-05
856.6846846846847, 9.73246360953569e-05
861.6886886886888, 9.675913167677098e-05
866.6926926926927, 9.620012484504886e-05
871.6966966966968, 9.564756321155625e-05
876.7007007007007, 9.510129601156524e-05
881.7047047047048, 9.456124475733124e-05
886.7087087087087, 9.402728248828393e-05
891.7127127127128, 9.349932508708522e-05
896.7167167167167, 9.297725807016505e-05
901.7207207207208, 9.246099296235244e-05
906.7247247247248, 9.195042722214903e-05
911.7287287287288, 9.144547134642289e-05
916.7327327327328, 9.094603429706262e-05
921.7367367367368, 9.045201713790845e-05
926.7407407407408, 8.996336035154562e-05
931.7447447447448, 8.94799196021065e-05
936.7487487487488, 8.900167617792115e-05
941.7527527527528, 8.852848072144463e-05
946.7567567567568, 8.806032503687724e-05
951.7607607607608, 8.759706486317106e-05
956.7647647647648, 8.713868155940782e-05
961.7687687687688, 8.668504738406474e-05
966.7727727727729, 8.6236134638037e-05
971.7767767767768, 8.579183057797792e-05
976.7807807807809, 8.535209696785661e-05
981.7847847847848, 8.491685485471283e-05
986.7887887887889, 8.448598562855509e-05
991.7927927927929, 8.405951376607583e-05
996.7967967967969, 8.363727987794673e-05
1001.8008008008009, 8.321931013602129e-05
1006.8048048048049, 8.280546049515333e-05
1011.8088088088089, 8.239574254373795e-05
1016.8128128128129, 8.199003316999658e-05
1021.8168168168169, 8.15883098901236e-05
1026.820820820821, 8.119052860817468e-05
1031.8248248248249, 8.0796544783323e-05
1036.8288288288288, 8.040642649298946e-05
1041.832832832833, 8.002000660051168e-05
1046.836836836837, 7.963733214038943e-05
1051.8408408408409, 7.925825920703091e-05
1056.8448448448448, 7.88828037803764e-05
1061.848848848849, 7.851090383802418e-05
1066.852852852853, 7.814243779656453e-05
1071.856856856857, 7.777747637271678e-05
1076.8608608608608, 7.741584855551183e-05
1081.864864864865, 7.705762638512959e-05
1086.868868868869, 7.670265469052315e-05
1091.872872872873, 7.635096299851219e-05
1096.8768768768768, 7.60025117223864e-05
1101.880880880881, 7.565715204164048e-05
1106.884884884885, 7.531498976121265e-05
1111.888888888889, 7.497584568010935e-05
1116.8928928928929, 7.463978995980161e-05
1121.896896896897, 7.430671723075634e-05
1126.900900900901, 7.397658779655122e-05
1131.904904904905, 7.36494303900664e-05
1136.908908908909, 7.332507761991078e-05
1141.912912912913, 7.300363560022727e-05
1146.916916916917, 7.268495368156972e-05
1151.920920920921, 7.236906145549908e-05
1156.924924924925, 7.205594234770459e-05
1161.928928928929, 7.174543496615809e-05
1166.932932932933, 7.143767022169672e-05
1171.936936936937, 7.113247647539717e-05
1176.9409409409411, 7.082991050061719e-05
1181.944944944945, 7.052993135932652e-05
1186.948948948949, 7.023241728854106e-05
1191.952952952953, 6.993747278289396e-05
1196.9569569569571, 6.964493176198692e-05
1201.960960960961, 6.935486465336025e-05
1206.964964964965, 6.906721935566042e-05
1211.968968968969, 6.878189527040408e-05
1216.9729729729731, 6.849898359362839e-05
1221.976976976977, 6.821832806623846e-05
1226.980980980981, 6.79399980727161e-05
1231.984984984985, 6.766394951032804e-05
1236.9889889889891, 6.73900749636912e-05
1241.992992992993, 6.711847178647026e-05
1246.996996996997, 6.684899789329379e-05
1252.001001001001, 6.658170240380354e-05
1257.0050050050052, 6.631657056354473e-05
1262.009009009009, 6.605346535097406e-05
1267.013013013013, 6.579250299698853e-05
1272.017017017017, 6.553355799768343e-05
1277.0210210210212, 6.52766534645615e-05
1282.0250250250251, 6.502180142243098e-05
1287.029029029029, 6.4768844279273e-05
1292.0330330330332, 6.451790757761402e-05
1297.0370370370372, 6.426889098359737e-05
1302.0410410410411, 6.402177910445851e-05
1307.045045045045, 6.377660434710663e-05
1312.0490490490492, 6.353323777799489e-05
1317.0530530530532, 6.329175763511471e-05
1322.0570570570571, 6.305212015179961e-05
1327.061061061061, 6.281424290246886e-05
1332.0650650650653, 6.257820224357208e-05
1337.0690690690692, 6.234389553351018e-05
1342.0730730730731, 6.211134414467501e-05
1347.077077077077, 6.188056156695708e-05
1352.0810810810813, 6.165141661902786e-05
1357.0850850850852, 6.142400730395695e-05
1362.0890890890892, 6.11982667069343e-05
1367.093093093093, 6.0974156536362786e-05
1372.0970970970973, 6.075171948619597e-05
1377.1011011011012, 6.05308651416375e-05
1382.1051051051052, 6.031161813510414e-05
1387.109109109109, 6.0093987684298737e-05
1392.1131131131133, 5.9877866132283275e-05
1397.1171171171172, 5.966332698721518e-05
1402.1211211211212, 5.945031772005532e-05
1407.1251251251251, 5.9238808531631516e-05
1412.1291291291293, 5.902882782293688e-05
1417.1331331331332, 5.882030471357918e-05
1422.1371371371372, 5.86132506505416e-05
1427.1411411411411, 5.840768417438038e-05
1432.1451451451453, 5.820350203759815e-05
1437.1491491491493, 5.8000768439263556e-05
1442.1531531531532, 5.7799449594873355e-05
1447.1571571571574, 5.759950292926608e-05
1452.1611611611613, 5.7400956424695396e-05
1457.1651651651653, 5.72037551637535e-05
1462.1691691691692, 5.700791224368259e-05
1467.1731731731734, 5.681342489489993e-05
1472.1771771771773, 5.662022590591329e-05
1477.1811811811813, 5.6428353179585264e-05
1482.1851851851852, 5.6237796892033044e-05
1487.1891891891894, 5.604848416916044e-05
1492.1931931931933, 5.5860459670742385e-05
1497.1971971971973, 5.56736970905222e-05
1502.2012012012012, 5.5488168101024875e-05
1507.2052052052054, 5.530388356998349e-05
1512.2092092092093, 5.512080252309602e-05
1517.2132132132133, 5.493894540004279e-05
1522.2172172172172, 5.4758290390997076e-05
1527.2212212212214, 5.457879048675332e-05
1532.2252252252254, 5.4400489574878055e-05
1537.2292292292293, 5.422335754780164e-05
1542.2332332332332, 5.404733631289766e-05
1547.2372372372374, 5.387248562450128e-05
1552.2412412412414, 5.3698769376618214e-05
1557.2452452452453, 5.352613268556905e-05
1562.2492492492493, 5.335463408572027e-05
1567.2532532532534, 5.31842246390559e-05
1572.2572572572574, 5.301488601851191e-05
1577.2612612612613, 5.2846642628257996e-05
1582.2652652652653, 5.2679447505997185e-05
1587.2692692692694, 5.251331296887056e-05
1592.2732732732734, 5.23482346637791e-05
1597.2772772772773, 5.2184162442223234e-05
1602.2812812812813, 5.2021142367868764e-05
1607.2852852852855, 5.185913950379146e-05
1612.2892892892894, 5.169810855231523e-05
1617.2932932932933, 5.153811262969003e-05
1622.2972972972975, 5.137909922456319e-05
1627.3013013013015, 5.122102764875975e-05
1632.3053053053054, 5.106396785981975e-05
1637.3093093093094, 5.0907863815902535e-05
1642.3133133133135, 5.0752670349765976e-05
1647.3173173173175, 5.059846853662953e-05
1652.3213213213214, 5.0445193039365914e-05
1657.3253253253254, 5.029280183467311e-05
1662.3293293293295, 5.014137840354997e-05
1667.3333333333335, 4.9990856509315215e-05
1672.3373373373374, 4.9841191659816394e-05
1677.3413413413414, 4.969247259289456e-05
1682.3453453453455, 4.954462536462733e-05
1687.3493493493495, 4.939761947982143e-05
1692.3533533533534, 4.9251533137638915e-05
1697.3573573573574, 4.910629157161547e-05
1702.3613613613616, 4.896187234141743e-05
1707.3653653653655, 4.8818347725023376e-05
1712.3693693693695, 4.867564559958576e-05
1717.3733733733734, 4.853374591685872e-05
1722.3773773773776, 4.839271604874318e-05
1727.3813813813815, 4.825248777921176e-05
1732.3853853853855, 4.8113041987968005e-05
1737.3893893893894, 4.79744410918531e-05
1742.3933933933936, 4.783662570753551e-05
1747.3973973973975, 4.7699567337755156e-05
1752.4014014014015, 4.756333539142665e-05
1757.4054054054054, 4.7427870729357647e-05
1762.4094094094096, 4.729313949165143e-05
1767.4134134134135, 4.71592145842188e-05
1772.4174174174175, 4.702604142389267e-05
1777.4214214214217, 4.689357958480734e-05
1782.4254254254256, 4.6761903401110194e-05
1787.4294294294295, 4.6630965761165896e-05
1792.4334334334335, 4.65007139098042e-05
1797.4374374374377, 4.6371229683762156e-05
1802.4414414414416, 4.624247443777633e-05
1807.4454454454456, 4.6114376356614926e-05
1812.4494494494495, 4.5987030759040983e-05
1817.4534534534537, 4.586040274125644e-05
1822.4574574574576, 4.573440557110046e-05
1827.4614614614616, 4.560914447352294e-05
1832.4654654654655, 4.548458909227814e-05
1837.4694694694697, 4.536064504303677e-05
1842.4734734734736, 4.523741768000764e-05
1847.4774774774776, 4.5114884638704096e-05
1852.4814814814815, 4.499294491998009e-05
1857.4854854854857, 4.48717023606563e-05
1862.4894894894896, 4.4751134078623054e-05
1867.4934934934936, 4.463115730780857e-05
1872.4974974974975, 4.451185190767047e-05
1877.5015015015017, 4.439320211223116e-05
1882.5055055055057, 4.4275143499248954e-05
1887.5095095095096, 4.415772730467023e-05
1892.5135135135135, 4.404095278097849e-05
1897.5175175175177, 4.392476996384619e-05
1902.5215215215217, 4.380919331701329e-05
1907.5255255255256, 4.369424886394244e-05
1912.5295295295296, 4.357989927922259e-05
1917.5335335335337, 4.346611858652158e-05
1922.5375375375377, 4.335296264885641e-05
1927.5415415415416, 4.324040146999879e-05
1932.5455455455458, 4.312837719781229e-05
1937.5495495495497, 4.3016965948115924e-05
1942.5535535535537, 4.2906144863576645e-05
1947.5575575575576, 4.27958438565629e-05
1952.5615615615618, 4.268613838378306e-05
1957.5655655655657, 4.257701275282833e-05
1962.5695695695697, 4.246839961455828e-05
1967.5735735735736, 4.236035973347084e-05
1972.5775775775778, 4.225288789904303e-05
1977.5815815815818, 4.2145927887241594e-05
1982.5855855855857, 4.2039517762517005e-05
1987.5895895895897, 4.193366119792613e-05
1992.5935935935938, 4.1828322692265914e-05
1997.5975975975978, 4.172349959872783e-05
2002.6016016016017, 4.161922213116327e-05
2007.6056056056057, 4.151546397487737e-05
2012.6096096096098, 4.14121989729791e-05
2017.6136136136138, 4.130946515486212e-05
2022.6176176176177, 4.120725352627552e-05
2027.6216216216217, 4.110550959792554e-05
2032.6256256256258, 4.1004285904816615e-05
2037.6296296296298, 4.090357495405519e-05
2042.6336336336337, 4.0803328599549544e-05
2047.6376376376377, 4.07035828922553e-05
2052.641641641642, 4.060433864359371e-05
2057.645645645646, 4.050555628368766e-05
2062.6496496496497, 4.0407260330811495e-05
2067.6536536536537, 4.030944838336655e-05
2072.6576576576576, 4.021210839592795e-05
2077.6616616616616, 4.011522246490063e-05
2082.665665665666, 4.001881278669847e-05
2087.66966966967, 3.992288158408041e-05
2092.673673673674, 3.982737173973844e-05
2097.677677677678, 3.973234008101126e-05
2102.6816816816818, 3.963777020045189e-05
2107.6856856856857, 3.9543619605689195e-05
2112.6896896896897, 3.9449939359251294e-05
2117.693693693694, 3.93567022321387e-05
2122.697697697698, 3.926389572037764e-05
2127.701701701702, 3.9171527475246487e-05
2132.705705705706, 3.907959619855702e-05
2137.70970970971, 3.898810609913848e-05
2142.713713713714, 3.8897006151762236e-05
2147.7177177177177, 3.880636533793152e-05
2152.7217217217217, 3.8716145077801226e-05
2157.725725725726, 3.8626313692574675e-05
2162.72972972973, 3.853692953988103e-05
2167.733733733734, 3.8447952415555594e-05
2172.737737737738, 3.835937553379096e-05
2177.741741741742, 3.827120447996539e-05
2182.745745745746, 3.81834518980195e-05
2187.7497497497498, 3.80961057818881e-05
2192.7537537537537, 3.8009116217556705e-05
2197.757757757758, 3.7922566720875e-05
2202.761761761762, 3.783640365169167e-05
2207.765765765766, 3.775060652951095e-05
2212.76976976977, 3.7665217730350255e-05
2217.773773773774, 3.758022038528442e-05
2222.777777777778, 3.749559649807848e-05
2227.781781781782, 3.7411335879442604e-05
2232.7857857857857, 3.732748501521038e-05
2237.78978978979, 3.7244002578079526e-05
2242.793793793794, 3.716085809579191e-05
2247.797797797798, 3.7078121579714036e-05
2252.801801801802, 3.699575205101657e-05
2257.805805805806, 3.691372853855467e-05
2262.80980980981, 3.6832065454798044e-05
2267.813813813814, 3.675079094680015e-05
2272.817817817818, 3.6669866550835066e-05
2277.821821821822, 3.6589258652232416e-05
2282.825825825826, 3.6509046135716726e-05
2287.82982982983, 3.642918354434952e-05
2292.833833833834, 3.6349642999656036e-05
2297.837837837838, 3.6270459752218504e-05
2302.841841841842, 3.619164273602986e-05
2307.845845845846, 3.611315720208786e-05
2312.84984984985, 3.6034975789065625e-05
2317.853853853854, 3.5957172137331e-05
2322.857857857858, 3.5879707911613294e-05
2327.861861861862, 3.5802541069036364e-05
2332.865865865866, 3.572572151265351e-05
2337.86986986987, 3.564925571025806e-05
2342.873873873874, 3.557309717948792e-05
2347.877877877878, 3.5497236804205675e-05
2352.8818818818822, 3.5421732515505045e-05
2357.885885885886, 3.534656103641024e-05
2362.88988988989, 3.527166559204282e-05
2367.893893893894, 3.51971032994382e-05
2372.897897897898, 3.512287988371448e-05
2377.901901901902, 3.504895719698385e-05
2382.905905905906, 3.497531011479224e-05
2387.90990990991, 3.4902005789323e-05
2392.9139139139143, 3.482902536615055e-05
2397.917917917918, 3.4756305678438186e-05
2402.921921921922, 3.468390084002972e-05
2407.925925925926, 3.461181997449909e-05
2412.92992992993, 3.4540038699428974e-05
2417.933933933934, 3.446851020424201e-05
2422.937937937938, 3.439730981469468e-05
2427.9419419419423, 3.432642490763666e-05
2432.9459459459463, 3.425579079695821e-05
2437.94994994995, 3.418545021779788e-05
2442.953953953954, 3.411541877750685e-05
2447.957957957958, 3.404568871501066e-05
2452.961961961962, 3.397618614331063e-05
2457.965965965966, 3.390700346157121e-05
2462.96996996997, 3.38381129101527e-05
2467.9739739739744, 3.376948843023713e-05
2472.9779779779783, 3.3701122532743956e-05
2477.9819819819822, 3.363305675962731e-05
2482.985985985986, 3.356528335411767e-05
2487.98998998999, 3.349773178695157e-05
2492.993993993994, 3.3430475818326834e-05
2497.997997997998, 3.3363503678095175e-05
2503.002002002002, 3.3296802384511685e-05
2508.0060060060064, 3.3230325789408e-05
2513.0100100100103, 3.31641447984257e-05
2518.0140140140143, 3.3098236498832034e-05
2523.018018018018, 3.303257250749877e-05
2528.022022022022, 3.2967159314318314e-05
2533.026026026026, 3.2902023518463996e-05
2538.03003003003, 3.283716026088808e-05
2543.034034034034, 3.27725021009315e-05
2548.0380380380384, 3.270812813356322e-05
2553.0420420420423, 3.264401485082811e-05
2558.0460460460463, 3.258015462911956e-05
2563.0500500500502, 3.2516508243307044e-05
2568.054054054054, 3.245313665892029e-05
2573.058058058058, 3.2390021793600324e-05
2578.062062062062, 3.232713475266949e-05
2583.0660660660665, 3.226448096428462e-05
2588.0700700700704, 3.2202091707791915e-05
2593.0740740740744, 3.213995191915129e-05
2598.0780780780783, 3.207801295693679e-05
2603.0820820820823, 3.201633446900016e-05
2608.086086086086, 3.1954900275993226e-05
2613.09009009009, 3.18937008622042e-05
2618.094094094094, 3.183271244110015e-05
2623.0980980980985, 3.1771973765071986e-05
2628.1021021021024, 3.1711475967646666e-05
2633.1061061061064, 3.1651194805197905e-05
2638.1101101101103, 3.159113413726247e-05
2643.1141141141143, 3.153131699189791e-05
2648.118118118118, 3.147173353491969e-05
2653.122122122122, 3.141234875617062e-05
2658.126126126126, 3.1353195893333696e-05
2663.1301301301305, 3.129427658679293e-05
2668.1341341341345, 3.123557977019134e-05
2673.1381381381384, 3.117708322013257e-05
2678.1421421421423, 3.1118816484559334e-05
2683.1461461461463, 3.1060775229568274e-05
2688.1501501501502, 3.100294001491484e-05
2693.154154154154, 3.094531735181377e-05
2698.158158158158, 3.0887914461982026e-05
2703.1621621621625, 3.0830735139334255e-05
2708.1661661661665, 3.0773741102497186e-05
2713.1701701701704, 3.0716972268408276e-05
2718.1741741741744, 3.066041456835365e-05
2723.1781781781783, 3.06040733924812e-05
2728.1821821821823, 3.054790910033283e-05
2733.186186186186, 3.0491974365486756e-05
2738.1901901901906, 3.0436242313796705e-05
2743.1941941941946, 3.0380715692909678e-05
2748.1981981981985, 3.032536981887384e-05
2753.2022022022024, 3.0270246444526556e-05
2758.2062062062064, 3.0215324391963006e-05
2763.2102102102103, 3.0160590208582863e-05
2768.2142142142143, 3.010605071240376e-05
2773.218218218218, 3.005172174582507e-05
2778.2222222222226, 2.9997589488248245e-05
2783.2262262262266, 2.9943634943896307e-05
2788.2302302302305, 2.9889883407485897e-05
2793.2342342342345, 2.9836329658197814e-05
2798.2382382382384, 2.9782970544677764e-05
2803.2422422422424, 2.972977628121552e-05
2808.2462462462463, 2.9676796843466535e-05
2813.2502502502502, 2.9624000944183306e-05
2818.2542542542546, 2.9571401851559097e-05
2823.2582582582586, 2.9518951184769987e-05
2828.2622622622625, 2.946672701712521e-05
2833.2662662662665, 2.9414675107832966e-05
2838.2702702702704, 2.9362811824964787e-05
2843.2742742742744, 2.9311099549624055e-05
2848.2782782782783, 2.925960728868438e-05
2853.2822822822823, 2.9208286770064308e-05
2858.2862862862867, 2.915714186859497e-05
2863.2902902902906, 2.9106153860988985e-05
2868.2942942942946, 2.905538214015998e-05
2873.2982982982985, 2.900477454812269e-05
2878.3023023023025, 2.8954332172657227e-05
2883.3063063063064, 2.890405597670879e-05
2888.3103103103103, 2.885398702060874e-05
2893.3143143143147, 2.8804077663438998e-05
2898.3183183183187, 2.8754327158111463e-05
2903.3223223223226, 2.8704744318830123e-05
2908.3263263263266, 2.8655363425392213e-05
2913.3303303303305, 2.8606138733180058e-05
2918.3343343343345, 2.855706546783896e-05
2923.3383383383384, 2.8508164037721536e-05
2928.3423423423424, 2.845945580889019e-05
2933.3463463463468, 2.8410903275042363e-05
2938.3503503503507, 2.8362493187122364e-05
2943.3543543543547, 2.8314256266811903e-05
2948.3583583583586, 2.826620812573967e-05
2953.3623623623625, 2.8218314627450334e-05
2958.3663663663665, 2.8170552953108807e-05
2963.3703703703704, 2.812296945603097e-05
2968.3743743743744, 2.8075567419463105e-05
2973.378378378379, 2.8028318040760974e-05
2978.3823823823827, 2.7981194292395488e-05
2983.3863863863867, 2.7934248580734197e-05
2988.3903903903906, 2.7887477274952618e-05
2993.3943943943946, 2.7840861020290498e-05
2998.3983983983985, 2.779436660001422e-05
3003.4024024024025, 2.7748044493624354e-05
3008.4064064064064, 2.7701894798050526e-05
3013.410410410411, 2.7655896169512533e-05
3018.4144144144148, 2.7610011925868552e-05
3023.4184184184187, 2.7564306443927656e-05
3028.4224224224226, 2.7518766936357117e-05
3033.4264264264266, 2.7473373056656556e-05
3038.4304304304305, 2.7428091827221956e-05
3043.4344344344345, 2.7382981777910437e-05
3048.438438438439, 2.7338038515111146e-05
3053.442442442443, 2.7293243614269665e-05
3058.4464464464468, 2.7248552208548318e-05
3063.4504504504507, 2.7204030597408144e-05
3068.4544544544547, 2.715967077011991e-05
3073.4584584584586, 2.7115464350116166e-05
3078.4624624624626, 2.7071349116376906e-05
3083.4664664664665, 2.7027402847765994e-05
3088.470470470471, 2.6983612055391133e-05
3093.474474474475, 2.693998014506355e-05
3098.478478478479, 2.6896435540404193e-05
3103.4824824824827, 2.6853058281106146e-05
3108.4864864864867, 2.680982486228398e-05
3113.4904904904906, 2.676675684673877e-05
3118.4944944944946, 2.6723766713853303e-05
3123.4984984984985, 2.6680940971664596e-05
3128.502502502503, 2.663826467930689e-05
3133.506506506507, 2.6595739019946013e-05
3138.510510510511, 2.6553305872595984e-05
3143.5145145145148, 2.65110219008261e-05
3148.5185185185187, 2.646888319867189e-05
3153.5225225225226, 2.6426892778033326e-05
3158.5265265265266, 2.638500097920638e-05
3163.5305305305305, 2.634325164795222e-05
3168.534534534535, 2.630164307747566e-05
3173.538538538539, 2.626017643660031e-05
3178.542542542543, 2.6218817505962067e-05
3183.546546546547, 2.617758789799456e-05
3188.5505505505507, 2.6136500311640433e-05
3193.5545545545547, 2.6095554043300997e-05
3198.5585585585586, 2.6054719358232505e-05
3203.5625625625626, 2.601399877687758e-05
3208.566566566567, 2.5973422473686504e-05
3213.570570570571, 2.5932979572440898e-05
3218.574574574575, 2.589265959861942e-05
3223.578578578579, 2.5852440239343633e-05
3228.5825825825827, 2.5812367225833783e-05
3233.5865865865867, 2.577242094724773e-05
3238.5905905905906, 2.573259877940997e-05
3243.594594594595, 2.5692872990511637e-05
3248.598598598599, 2.5653293043465734e-05
3253.602602602603, 2.5613835770906475e-05
3258.606606606607, 2.557449942564929e-05
3263.610610610611, 2.553527232421585e-05
3268.6146146146148, 2.549616827790857e-05
3273.6186186186187, 2.545719571495514e-05
3278.6226226226227, 2.5418339004486896e-05
3283.626626626627, 2.5379588121184232e-05
3288.630630630631, 2.5340957017984945e-05
3293.634634634635, 2.5302455791736787e-05
3298.638638638639, 2.526407416610917e-05
3303.642642642643, 2.52257888305938e-05
3308.646646646647, 2.518762677337694e-05
3313.6506506506507, 2.514958652170725e-05
3318.6546546546547, 2.511166918660651e-05
3323.658658658659, 2.5073840302495333e-05
3328.662662662663, 2.503614153597483e-05
3333.666666666667, 2.499855389173799e-05
3338.670670670671, 2.4961088484852726e-05
3343.674674674675, 2.4923714412551336e-05
3348.678678678679, 2.4886465188425637e-05
3353.6826826826828, 2.4849325493289587e-05
3358.6866866866867, 2.4812306637169502e-05
3363.690690690691, 2.4775374584659364e-05
3368.694694694695, 2.4738566508182473e-05
3373.698698698699, 2.4701868616388702e-05
3378.702702702703, 2.4665280856193837e-05
3383.706706706707, 2.4628795237299743e-05
3388.710710710711, 2.4592412381158082e-05
3393.714714714715, 2.4556150720485656e-05
3398.718718718719, 2.4519990241555597e-05
3403.722722722723, 2.4483942278326223e-05
3408.726726726727, 2.4447972959041207e-05
3413.730730730731, 2.4412142836449234e-05
3418.734734734735, 2.4376403586629148e-05
3423.738738738739, 2.4340778371795133e-05
3428.742742742743, 2.430522875130969e-05
3433.746746746747, 2.4269810157494037e-05
3438.750750750751, 2.4234489486008514e-05
3443.754754754755, 2.419927838721484e-05
3448.758758758759, 2.416414719291879e-05
3453.762762762763, 2.412912065024973e-05
3458.766766766767, 2.409422021236625e-05
3463.770770770771, 2.4059408792895525e-05
3468.774774774775, 2.4024687745448196e-05
3473.778778778779, 2.3990060089384144e-05
3478.782782782783, 2.3955562957020827e-05
3483.786786786787, 2.3921147239058826e-05
3488.790790790791, 2.3886836169502326e-05
3493.794794794795, 2.3852595407020713e-05
3498.798798798799, 2.3818482299742185e-05
3503.802802802803, 2.3784472354974526e-05
3508.806806806807, 2.3750548064191586e-05
3513.810810810811, 2.3716702751116808e-05
3518.8148148148152, 2.3682967726884163e-05
3523.818818818819, 2.364934203325496e-05
3528.822822822823, 2.3615809325145282e-05
3533.826826826827, 2.3582348112394805e-05
3538.830830830831, 2.354898178591095e-05
3543.834834834835, 2.3515740883605762e-05
3548.838838838839, 2.34825842945688e-05
3553.8428428428433, 2.344951027942162e-05
3558.8468468468473, 2.3416515582476405e-05
3563.850850850851, 2.3383632463994347e-05
3568.854854854855, 2.33508557166437e-05
3573.858858858859, 2.331816386825841e-05
3578.862862862863, 2.328553225484399e-05
3583.866866866867, 2.325300593525076e-05
3588.870870870871, 2.3220597843696218e-05
3593.8748748748753, 2.318826773331094e-05
3598.8788788788793, 2.315600618471407e-05
3603.882882882883, 2.312383852084109e-05
3608.886886886887, 2.3091778246372768e-05
3613.890890890891, 2.3059814959554238e-05
3618.894894894895, 2.3027919024711917e-05
3623.898898898899, 2.2996093383825312e-05
3628.902902902903, 2.29643814469001e-05
3633.9069069069074, 2.2932771053478258e-05
3638.9109109109113, 2.290123454226284e-05
3643.9149149149152, 2.2869760816460784e-05
3648.918918918919, 2.2838385521993656e-05
3653.922922922923, 2.2807113053364834e-05
3658.926926926927, 2.27759306502049e-05
3663.930930930931, 2.274481281186794e-05
3668.934934934935, 2.2713766602884956e-05
3673.9389389389394, 2.2682830890261756e-05
3678.9429429429433, 2.265198628770168e-05
3683.9469469469473, 2.2621216436098494e-05
3688.950950950951, 2.25905070406991e-05
3693.954954954955, 2.2559894361793892e-05
3698.958958958959, 2.2529381326365152e-05
3703.962962962963, 2.2498954621588078e-05
3708.9669669669674, 2.2468579683996486e-05
3713.9709709709714, 2.2438291247814065e-05
3718.9749749749753, 2.2408098140957945e-05
3723.9789789789793, 2.23779956432449e-05
3728.9829829829832, 2.234796144025958e-05
3733.986986986987, 2.2317985803319072e-05
3738.990990990991, 2.228811320706086e-05
3743.994994994995, 2.225832889168403e-05
3748.9989989989995, 2.222863663327487e-05
3754.0030030030034, 2.2198977929465244e-05
3759.0070070070074, 2.216941244172747e-05
3764.0110110110113, 2.2139939376424896e-05
3769.0150150150153, 2.2110551265926794e-05
3774.019019019019, 2.2081235683183182e-05
3779.023023023023, 2.2051970479649303e-05
3784.027027027027, 2.2022803734352866e-05
3789.0310310310315, 2.199372469574475e-05
3794.0350350350354, 2.1964731378939862e-05
3799.0390390390394, 2.193577005339727e-05
3804.0430430430433, 2.1906905319054295e-05
3809.0470470470473, 2.1878126084683343e-05
3814.051051051051, 2.184942945921162e-05
3819.055055055055, 2.182079558184036e-05
3824.059059059059, 2.1792221133435413e-05
3829.0630630630635, 2.1763738930238038e-05
3834.0670670670675, 2.1735336393341237e-05
3839.0710710710714, 2.1707011050288787e-05
3844.0750750750753, 2.1678735277881432e-05
3849.0790790790793, 2.165053986772012e-05
3854.0830830830832, 2.1622432021569646e-05
3859.087087087087, 2.1594394131507525e-05
3864.0910910910916, 2.1566430079406086e-05
3869.0950950950955, 2.1538519118111317e-05
3874.0990990990995, 2.1510696888532198e-05
3879.1031031031034, 2.1482945330784615e-05
3884.1071071071074, 2.1455275811393764e-05
3889.1111111111113, 2.142765602781284e-05
3894.1151151151153, 2.1400104938733035e-05
3899.119119119119, 2.1372638624565744e-05
3904.1231231231236, 2.1345250499689046e-05
3909.1271271271276, 2.1317920489359444e-05
3914.1311311311315, 2.1290658274651566e-05
3919.1351351351354, 2.1263466512717877e-05
3924.1391391391394, 2.123635410455473e-05
3929.1431431431433, 2.120930523926288e-05
3934.1471471471473, 2.1182319233743784e-05
3939.151151151151, 2.115540199935451e-05
3944.1551551551556, 2.1128562394242103e-05
3949.1591591591596, 2.1101785845304994e-05
3954.1631631631635, 2.107507496551959e-05
3959.1671671671675, 2.104842977504825e-05
3964.1711711711714, 2.1021857329697714e-05
3969.1751751751754, 2.0995352955094403e-05
3974.1791791791793, 2.0968924585512867e-05
3979.1831831831832, 2.0942534181141246e-05
3984.1871871871876, 2.091622766627147e-05
3989.1911911911916, 2.0889985900409498e-05
3994.1951951951955, 2.086382124029748e-05
3999.1991991991995, 2.083770842371542e-05
4004.2032032032034, 2.0811654474895693e-05
4009.2072072072074, 2.0785677978718358e-05
4014.2112112112113, 2.0759764177511657e-05
4019.2152152152157, 2.0733918382430725e-05
4024.2192192192197, 2.070811851069863e-05
4029.2232232232236, 2.0682402084336085e-05
4034.2272272272276, 2.0656746498543258e-05
4039.2312312312315, 2.063115171644747e-05
4044.2352352352355, 2.0605625901857073e-05
4049.2392392392394, 2.058014109409666e-05
4054.2432432432433, 2.0554741788948565e-05
4059.2472472472477, 2.052940720531876e-05
4064.2512512512517, 2.0504132045832783e-05
4069.2552552552556, 2.0478900736798614e-05
4074.2592592592596, 2.0453737407116518e-05
4079.2632632632635, 2.0428653937969274e-05
4084.2672672672675, 2.0403620202761544e-05
4089.2712712712714, 2.0378660109838468e-05
4094.2752752752754, 2.0353732451908885e-05
4099.27927927928, 2.032887523564916e-05
4104.283283283284, 2.0304096724459457e-05
4109.287287287288, 2.027937354140885e-05
4114.291291291292, 2.0254702581379508e-05
4119.295295295296, 2.0230076302126497e-05
4124.2992992992995, 2.0205533408701026e-05
4129.303303303303, 2.0181055321264146e-05
4134.307307307307, 2.0156633658674375e-05
4139.311311311311, 2.0132249631867223e-05
4144.315315315315, 2.0107924260431213e-05
4149.319319319319, 2.0083679819544114e-05
4154.323323323323, 2.005949175303931e-05
4159.327327327328, 2.003536498126885e-05
4164.331331331332, 2.0011268353513424e-05
4169.335335335336, 1.9987234916336177e-05
4174.33933933934, 1.996329022594271e-05
4179.343343343344, 1.9939389033231207e-05
4184.347347347348, 1.991553741087531e-05
4189.351351351352, 1.98917291670455e-05
4194.355355355356, 1.986799585505702e-05
4199.35935935936, 1.9844335178605664e-05
4204.3633633633635, 1.9820717207702173e-05
4209.3673673673675, 1.9797134057830917e-05
4214.371371371371, 1.9773609945617832e-05
4219.375375375375, 1.9750162773662244e-05
4224.379379379379, 1.9726783002338173e-05
4229.383383383383, 1.9703442548982687e-05
4234.387387387388, 1.968013646386804e-05
4239.391391391392, 1.965689220818006e-05
4244.395395395396, 1.963372117209266e-05
4249.3993993994, 1.9610617646155287e-05
4254.403403403404, 1.9587547026059e-05
4259.407407407408, 1.956451241400499e-05
4264.411411411412, 1.9541547600098006e-05
4269.415415415416, 1.9518648327620673e-05
4274.41941941942, 1.949580800926688e-05
4279.423423423424, 1.9473004487169935e-05
4284.427427427428, 1.9450233157002736e-05
4289.4314314314315, 1.9427544071777515e-05
4294.4354354354355, 1.9404912859942062e-05
4299.439439439439, 1.9382337642172154e-05
4304.443443443443, 1.9359793201474103e-05
4309.447447447447, 1.9337295527265225e-05
4314.451451451452, 1.931486117269343e-05
4319.455455455456, 1.9292494570229786e-05
4324.45945945946, 1.9270181256082633e-05
4329.463463463464, 1.9247889348526027e-05
4334.467467467468, 1.9225653165048367e-05
4339.471471471472, 1.920348356217012e-05
4344.475475475476, 1.9181375670771426e-05
4349.47947947948, 1.915931465719936e-05
4354.483483483484, 1.913727028272893e-05
4359.487487487488, 1.9115296509903262e-05
4364.491491491492, 1.9093382400802838e-05
4369.495495495496, 1.9071524931728752e-05
4374.4994994994995, 1.904970968790254e-05
4379.503503503503, 1.9027918333021554e-05
4384.507507507507, 1.9006199965899657e-05
4389.511511511512, 1.8984529793162042e-05
4394.515515515516, 1.896292998806158e-05
4399.51951951952, 1.8941353544370876e-05
4404.523523523524, 1.8919811434646363e-05
4409.527527527528, 1.8898342548233225e-05
4414.531531531532, 1.887691885953888e-05
4419.535535535536, 1.885555873256963e-05
4424.53953953954, 1.8834227072526326e-05
4429.543543543544, 1.8812929001781876e-05
4434.547547547548, 1.879169821875841e-05
4439.551551551552, 1.877051570551064e-05
4444.555555555556, 1.874939443827169e-05
4449.55955955956, 1.872830142750223e-05
4454.563563563564, 1.870724250408729e-05
4459.5675675675675, 1.8686253900105188e-05
4464.571571571571, 1.8665311024882957e-05
4469.575575575576, 1.8644422914599994e-05
4474.57957957958, 1.8623557003311423e-05
4479.583583583584, 1.860274463454212e-05
4484.587587587588, 1.858198092056162e-05
4489.591591591592, 1.8561270940364654e-05
4494.595595595596, 1.8540611886877912e-05
4499.5995995996, 1.851998705136251e-05
4504.603603603604, 1.849939981860856e-05
4509.607607607608, 1.8478868658635685e-05
4514.611611611612, 1.845838866035434e-05
4519.615615615616, 1.8437954840676632e-05
4524.61961961962, 1.8417556595433842e-05
4529.623623623624, 1.839719849133068e-05
4534.627627627628, 1.837689863211443e-05
4539.6316316316315, 1.835664313337447e-05
4544.635635635636, 1.8336426638850383e-05
4549.63963963964, 1.8316249789191466e-05
4554.643643643644, 1.8296121587099495e-05
4559.647647647648, 1.8276041265402458e-05
4564.651651651652, 1.825601570596704e-05
4569.655655655656, 1.8236015144418413e-05
4574.65965965966, 1.82160620497109e-05
4579.663663663664, 1.819615359665433e-05
4584.667667667668, 1.8176293241228022e-05
4589.671671671672, 1.815647414800121e-05
4594.675675675676, 1.8136695947995065e-05
4599.67967967968, 1.811696197617969e-05
4604.683683683684, 1.809726590440235e-05
4609.687687687688, 1.807762291741971e-05
4614.691691691692, 1.8058021846619832e-05
4619.695695695696, 1.8038452802212452e-05
4624.6996996997, 1.801892983095048e-05
4629.703703703704, 1.7999448385016496e-05
4634.707707707708, 1.7980018809752923e-05
4639.711711711712, 1.7960630313445234e-05
4644.715715715716, 1.794126541376285e-05
4649.71971971972, 1.7921949464069385e-05
4654.723723723724, 1.7902690587621843e-05
4659.727727727728, 1.7883465229966914e-05
4664.731731731732, 1.7864280848617288e-05
4669.735735735736, 1.784511840206974e-05
4674.73973973974, 1.782601509501152e-05
4679.743743743744, 1.780695485466826e-05
4684.747747747748, 1.7787933375405e-05
4689.751751751752, 1.7768961951380324e-05
4694.755755755756, 1.775000379902465e-05
4699.7597597597605, 1.7731098402221698e-05
4704.7637637637645, 1.7712244246338076e-05
4709.767767767768, 1.7693425041457862e-05
4714.771771771772, 1.7674647888356646e-05
4719.775775775776, 1.7655889301588742e-05
4724.77977977978, 1.7637189395819212e-05
4729.783783783784, 1.7618535811273883e-05
4734.787787787788, 1.759992081184538e-05
4739.791791791792, 1.7581336110330736e-05
4744.795795795796, 1.7562779383776225e-05
4749.7997997998, 1.7544269927834265e-05
4754.803803803804, 1.7525816353086102e-05
4759.807807807808, 1.7507387176987106e-05
4764.811811811812, 1.748900118804026e-05
4769.815815815816, 1.7470640977565923e-05
4774.81981981982, 1.745232142803641e-05
4779.823823823825, 1.7434060991507783e-05
4784.8278278278285, 1.74158326403704e-05
4789.8318318318325, 1.7397633479454646e-05
4794.835835835836, 1.7379460779801085e-05
4799.83983983984, 1.7361330302667652e-05
4804.843843843844, 1.7343262760798552e-05
4809.847847847848, 1.732522553048819e-05
4814.851851851852, 1.7307220827088273e-05
4819.855855855856, 1.7289233685574133e-05
4824.85985985986, 1.7271287721243177e-05
4829.863863863864, 1.7253398628494606e-05
4834.867867867868, 1.723555329684315e-05
4839.871871871872, 1.72177330186468e-05
4844.875875875876, 1.719993111416122e-05
4849.87987987988, 1.718217338783164e-05
4854.883883883885, 1.7164466611367316e-05
4859.887887887889, 1.7146808939936197e-05
4864.891891891893, 1.7129174389623996e-05
4869.8958958958965, 1.711155554161389e-05
4874.8998998999, 1.7093970316451733e-05
4879.903903903904, 1.7076444932037716e-05
4884.907907907908, 1.705896457790675e-05
4889.911911911912, 1.7041517518678273e-05
4894.915915915916, 1.702407679124918e-05
4899.91991991992, 1.700667337877168e-05
4904.923923923924, 1.6989327695044097e-05
4909.927927927928, 1.6972020441793114e-05
4914.931931931932, 1.695474780970961e-05
4919.935935935936, 1.6937495473829192e-05
4924.93993993994, 1.6920263248421455e-05
4929.943943943944, 1.69030920615934e-05
4934.947947947949, 1.688595755418236e-05
4939.951951951953, 1.6868869351372183e-05
4944.955955955957, 1.6851783314082426e-05
4949.9599599599605, 1.6834724481941583e-05
4954.9639639639645, 1.681772792448959e-05
4959.967967967968, 1.6800761563136096e-05
4964.971971971972, 1.6783841442026765e-05
4969.975975975976, 1.6766935982791417e-05
4974.97997997998, 1.6750049868544082e-05
4979.983983983984, 1.673321847340067e-05
4984.987987987988, 1.671642122902118e-05
4989.991991991992, 1.669967202885201e-05
4994.995995995996, 1.6682939156554893e-05
5000.0, 1.6666230633563116e-05
