x, p
0, 6.639677199580735e-36
1, 5.37813853166042e-34
2, 2.1781461053224768e-32
3, 5.8809944843706455e-31
4, 1.1909013830850571e-29
5, 1.9292602405977963e-28
6, 2.6045013248070204e-27
7, 3.013780104419561e-26
8, 3.0514523557248028e-25
9, 2.74630712015231e-24
10, 2.224508767323387e-23
11, 1.6380473650290326e-22
12, 1.105681971394593e-21
13, 6.88924920638178e-21
14, 3.985922755120862e-20
15, 2.1523982877652597e-19
16, 1.0896516331811676e-18
17, 5.1918695463338095e-18
18, 2.336341295850199e-17
19, 9.960191840203511e-17
20, 4.033877695282444e-16
21, 1.555924253894632e-15
22, 5.728630207521192e-15
23, 2.0174741165618207e-14
24, 6.808975143396107e-14
25, 2.206107946460337e-13
26, 6.872874756280352e-13
27, 2.06186242688413e-12
28, 5.964673449200387e-12
29, 1.6659949978801388e-11
30, 4.4981864942763225e-11
31, 1.1753326001173808e-10
32, 2.9750606440471067e-10
33, 7.302421580842678e-10
34, 1.739694553083183e-09
35, 4.026150251421052e-09
36, 9.058838065697162e-09
37, 1.9831510360040368e-08
38, 4.227242997798054e-08
39, 8.779658533888146e-08
40, 1.777880853112343e-07
41, 3.512398758587838e-07
42, 6.773911891562138e-07
43, 1.2760159609687156e-06
44, 2.3490293826923897e-06
45, 4.228252888846089e-06
46, 7.445401826012091e-06
47, 1.283143718950966e-05
48, 2.165305025729785e-05
49, 3.579381777226893e-05
50, 5.7985984791074684e-05
51, 9.209538760935301e-05
52, 0.00014345627685302984
53, 0.00021924449858670185
54, 0.00032886674788006076
55, 0.00048433102869607916
56, 0.0007005502379354033
57, 0.0009955187591714036
58, 0.0013902934395324412
59, 0.0019087079424089685
60, 0.0025767557222519627
61, 0.0034215936639739246
62, 0.004470146560998447
63, 0.005747331292712373
64, 0.007273966167338948
65, 0.009064480916222467
66, 0.01112459021536358
67, 0.013449131454395191
68, 0.01602028893832343
69, 0.01880642614498811
70, 0.021761721682058092
71, 0.024826752904882433
72, 0.027930097017993247
73, 0.03099092956791019
74, 0.03392250398649876
75, 0.03663630430541716
76, 0.039046587483404276
77, 0.04107498163838577
78, 0.04265478862447868
79, 0.04373465669092524
80, 0.04428133989955653
81, 0.04428133989955653
82, 0.043741323559316564
83, 0.042687315762708615
84, 0.04116276877118366
85, 0.03922569729960075
86, 0.036945133503112196
87, 0.03439719326151652
88, 0.03166105288844193
89, 0.028815115550156135
90, 0.025933603995139175
91, 0.023083757402266487
92, 0.02032374293025595
93, 0.01770132448764286
94, 0.015253268973394577
95, 0.013005418808894607
96, 0.010973322120004021
97, 0.009163289605364552
98, 0.0075737393676994814
99, 0.006196695846299402
100, 0.005019323635502565
101, 0.004025398163125956
102, 0.003196639717776457
103, 0.0025138623023291326
104, 0.001957911985467923
105, 0.0015103892459323478
106, 0.0011541653671747277
107, 0.0008737139695434488
108, 0.0006552854771576199
109, 0.00048695526284187144
110, 0.0003585761480926629
111, 0.0002616636756351917
112, 0.00018923890827185868
113, 0.00013564912893823704
114, 9.638227582454886e-05
115, 6.78866464503302e-05
116, 4.740360657307273e-05
117, 3.2817881473666765e-05
118, 2.2527528808194583e-05
119, 1.533386414675528e-05
120, 1.035035829905921e-05
121, 6.928752249783446e-06
122, 4.6002371494466485e-06
123, 3.0294244642698274e-06
124, 1.978898238756844e-06
125, 1.2823260587143938e-06
126, 8.243524663164535e-07
127, 5.25768108438049e-07
128, 3.3271263112094543e-07
129, 2.0891258233175653e-07
130, 1.3016860899132253e-07
131, 8.048593380379655e-08
132, 4.938909574322869e-08
133, 3.007907334738077e-08
134, 1.818212642640337e-08
135, 1.0909275855842122e-08
136, 6.497436355318357e-09
137, 3.84154996190318e-09
138, 2.254822803726e-09
139, 1.3139614899410591e-09
140, 7.602205763229252e-10
141, 4.367224587387092e-10
142, 2.491163320974602e-10
143, 1.4110785244680558e-10
144, 7.937316700132717e-11
145, 4.433949329039473e-11
146, 2.459930792138673e-11
147, 1.3554720691376022e-11
148, 7.418462000009533e-12
149, 4.032855181213359e-12
150, 2.1777417978549965e-12
151, 1.1681926200413642e-12
152, 6.225236988378706e-13
153, 3.2957136997296913e-13
154, 1.7334598031045517e-13
155, 9.058725422676295e-14
156, 4.7035689694669235e-14
157, 2.426682079788292e-14
158, 1.2440585345751942e-14
159, 6.3376566855718196e-15
160, 3.20843869707071e-15
161, 1.6141834438678776e-15
162, 8.070917219338914e-16
163, 4.010701194886153e-16
164, 1.9808951023523496e-16
165, 9.72439413881989e-17
166, 4.7450356942431235e-17
167, 2.3014843786450403e-17
168, 1.1096442539895804e-17
169, 5.3184132883527596e-18
170, 2.5340675079796935e-18
171, 1.2003477669379041e-18
172, 5.652800530346433e-19
173, 2.6466869535147943e-19
174, 1.2320784093948239e-19
175, 5.702762923485449e-20
176, 2.6245670272859606e-20
177, 1.2010730463850162e-20
178, 5.465557121189822e-21
179, 2.4732409319349484e-21
180, 1.1129584193706667e-21
181, 4.980642650223595e-22
182, 2.2166596410330456e-22
183, 9.81144431276982e-23
184, 4.319168420296051e-23
185, 1.8910953623995178e-23
186, 8.235415287869123e-24
187, 3.5672119696120384e-24
188, 1.536937072013627e-24
189, 6.586873165772425e-25
190, 2.808088033829353e-25
191, 1.1908645588491475e-25
192, 5.0239598576450345e-26
193, 2.108501287405353e-26
194, 8.803536303084544e-27
195, 3.65685354128142e-27
196, 1.5112506981826663e-27
197, 6.213771906232892e-28
198, 2.541997598004289e-28
199, 1.034682439388794e-28
200, 4.190463879523934e-29
201, 1.6886943992110978e-29
202, 6.771497343371836e-30
203, 2.701927511394737e-30
204, 1.072824158936131e-30
205, 4.238963749942676e-31
206, 1.6667770084726518e-31
207, 6.522170902718995e-32
208, 2.5398838611550415e-32
209, 9.84356903127005e-33
210, 3.7968051977754576e-33
211, 1.4575413318475959e-33
212, 5.56890791885138e-34
213, 2.1177537156197813e-34
214, 8.015796774074979e-35
215, 3.0199048311626454e-35
216, 1.1324643116861118e-35
217, 4.227170933021623e-36
218, 1.570646080618206e-36
219, 5.809238928313408e-37
220, 2.1388561508794605e-37
221, 7.839246525846647e-38
222, 2.860265624295288e-38
223, 1.0389305630849936e-38
224, 3.7568471254410606e-39
225, 1.3524649651586525e-39
226, 4.847330184860171e-40
227, 1.729664074773943e-40
228, 6.144859213013096e-41
229, 2.173509153947972e-41
230, 7.654532237819329e-42
231, 2.6840567587146186e-42
232, 9.371060235171135e-43
233, 3.2577505538565404e-43
234, 1.1276828840274895e-43
235, 3.886906961965867e-44
236, 1.3340655250814792e-44
237, 4.559464452810293e-45
238, 1.551750507049066e-45
239, 5.259070756108381e-46
240, 1.7749363801865733e-46
241, 5.965553808925083e-47
242, 1.9967349525738692e-47
243, 6.655783175247382e-48
244, 2.209501791782185e-48
245, 7.304883474875749e-49
246, 2.405266510020125e-49
247, 7.887716085490567e-50
248, 2.5762298505025925e-50
249, 8.380506742599224e-51
250, 2.715284184602211e-51
251, 8.7624708746124e-52
252, 2.8165084954114795e-52
253, 9.017280163174222e-53
254, 2.8755893433747565e-53
255, 9.134224973072252e-54
256, 2.890125870385415e-54
257, 9.10895702339584e-55
258, 2.8597888329265972e-55
259, 8.943741137722914e-56
260, 2.7863193544437496e-56
261, 8.647197996552595e-57
262, 2.6733703729797484e-57
263, 8.233574152524044e-58
264, 2.526210251342083e-58
265, 7.721623787122124e-59
266, 2.3513215291609125e-59
267, 7.133222616556682e-60
268, 2.155936686347659e-60
269, 6.491853962607711e-61
270, 1.9475561887826594e-61
271, 5.82110890374018e-62
272, 1.7334919897166123e-62
273, 5.143327881577303e-63
274, 1.5204728409038288e-63
275, 4.478483640481597e-64
276, 1.3143375901413896e-64
277, 3.843369848427891e-65
278, 1.1198307831751023e-65
279, 3.251121628572992e-66
280, 9.405030425513806e-67
281, 2.7110585924073932e-67
282, 7.787083190957968e-68
283, 2.228811796705132e-68
284, 6.356822377926937e-69
285, 1.8066758337268522e-69
286, 5.1168091794338704e-70
287, 1.4441168764258155e-70
288, 4.061578714948242e-71
289, 1.1383663526324058e-71
290, 3.1795749849391943e-72
291, 8.850363360141408e-73
292, 2.4550665485320094e-73
293, 6.787044042018325e-74
294, 1.8698998891271284e-74
295, 5.13430139048551e-75
296, 1.404994637261095e-75
297, 3.831803556166525e-76
298, 1.0415304968104531e-76
299, 2.8215374662758644e-77
300, 7.618151158946225e-78
301, 2.050067255396826e-78
302, 5.49852475785307e-79
303, 1.4699026580398995e-79
304, 3.9165169506970915e-80
305, 1.0401241737919962e-80
306, 2.75326987180263e-81
307, 7.26432767478809e-82
308, 1.9104238365508382e-82
309, 5.007907144357295e-83
310, 1.3085176732033851e-83
311, 3.4080363835830674e-84
312, 8.84778676507465e-85
313, 2.2896828369680713e-85
314, 5.906506681350168e-86
315, 1.5188160037758835e-86
316, 3.893167604616187e-87
317, 9.947841513369354e-88
318, 2.5338841590665244e-88
319, 6.434000529290688e-89
320, 1.628606383976598e-89
321, 4.109567510968122e-90
322, 1.0337731937530279e-90
323, 2.592434324891661e-91
324, 6.481085812228392e-92
325, 1.615286002432203e-92
326, 4.013440680889538e-93
327, 9.941550310462005e-94
328, 2.4550779730103427e-94
329, 6.044416894037484e-95
330, 1.4836296012637154e-95
331, 3.6306343716729147e-96
332, 8.857873015225983e-97
333, 2.1546177604595654e-97
334, 5.225270616685243e-98
335, 1.2634236416461205e-98
336, 3.0457534218256574e-99
337, 7.320653625159771e-100
338, 1.754357821414234e-100
339, 4.191828422848244e-101
340, 9.98641477207846e-102
341, 2.3721395792915164e-102
342, 5.618225319375038e-103
343, 1.3267529179864387e-103
344, 3.124040301071808e-104
345, 7.334703315561545e-105
346, 1.717083724163145e-105
347, 4.008178145741437e-106
348, 9.329380166812524e-107
349, 2.1652716146471972e-107
350, 5.011057165326811e-108
351, 1.1563978073829518e-108
352, 2.6610290453981584e-109
353, 6.106043985190556e-110
354, 1.397145657628485e-110
355, 3.187853472334723e-111
356, 7.253262114020683e-112
357, 1.645698126710591e-112
358, 3.723506934736714e-113
359, 8.401227345782658e-114
360, 1.8902761528017446e-114
361, 4.241339844235765e-115
362, 9.490290811690712e-116
363, 2.117668197649519e-116
364, 4.712393516747755e-117
365, 1.045764040702964e-117
366, 2.314395827784728e-118
367, 5.108067085846438e-119
368, 1.1243299835696894e-119
369, 2.4680414273478915e-120
370, 5.403009611221515e-121
371, 1.1796328261696238e-121
372, 2.568555347304755e-122
373, 5.5778279659958807e-123
374, 1.2080322600155864e-123
375, 2.6093496816328475e-124
376, 5.621205431177196e-125
377, 1.2077390979452818e-125
378, 2.5880123527399286e-126
379, 5.531108194510651e-127
380, 1.1789993783034062e-127
381, 2.5065341113536856e-128
382, 5.31490217328914e-129
383, 1.1240393630194808e-129
384, 2.3710205313689e-130
385, 4.988380858206391e-131
386, 1.0467845842349208e-131
387, 2.1909444786309868e-132
388, 4.573878937349661e-133
389, 9.524015268000874e-134
390, 1.9780647095076127e-134
391, 4.0977811117692404e-135
392, 8.467353827888316e-136
393, 1.7451797965877095e-136
394, 3.5878061808012906e-137
395, 7.3572734340494e-138
396, 1.504896838782699e-138
397, 3.0704444317738946e-139
398, 6.248894446573199e-140
399, 1.2685725568233876e-140
400, 2.5688594275670835e-141
401, 5.188967921020281e-142
402, 1.0455383124448933e-142
403, 2.101454176377019e-143
404, 4.2133115912525174e-144
405, 8.426623182501778e-145
406, 1.681173590598351e-145
407, 3.345824590624551e-146
408, 6.642445878447586e-147
409, 1.315496616513845e-147
410, 2.5989079496996518e-148
411, 5.121935375317374e-149
412, 1.006982440293062e-149
413, 1.9749534543278042e-150
414, 3.864039367163701e-151
415, 7.541859969644412e-152
416, 1.468487157551064e-152
417, 2.852457068624233e-153
418, 5.5274885779565964e-154
419, 1.0685598444254461e-154
420, 2.060793985678156e-155
421, 3.964948048453718e-156
422, 7.610445306275766e-157
423, 1.4573193139676455e-157
424, 2.7840298214935396e-158
425, 5.306033306849281e-159
426, 1.0088936569358433e-159
427, 1.9138263749839427e-160
428, 3.6219611302264554e-161
429, 6.838667868260557e-162
430, 1.2882141798352846e-162
431, 2.4210057672075656e-163
432, 4.5393858135154316e-164
433, 8.491691706573764e-165
434, 1.584854903761269e-165
435, 2.951109131142397e-166
436, 5.482565128956541e-167
437, 1.0162191657790178e-167
438, 1.8793094161674715e-168
439, 3.4675185127460065e-169
440, 6.383386353007708e-170
441, 1.1724587178995483e-170
442, 2.1486234423041605e-171
443, 3.928634285027248e-172
444, 7.167103087548197e-173
445, 1.3045738204295935e-173
446, 2.36929326131908e-174
447, 4.293350205076693e-175
448, 7.762530504707486e-176
449, 1.4003674184442255e-176
450, 2.520661353199217e-177
451, 4.5271301465458583e-178
452, 8.112777475000689e-179
453, 1.450629084934242e-179
454, 2.588126781491707e-180
455, 4.607434490126001e-181
456, 8.184258633780229e-182
457, 1.4506016396849506e-182
458, 2.5654745155999993e-183
459, 4.5273079687079167e-184
460, 7.971998814463416e-185
461, 1.4007199652309303e-185
462, 2.455807731249142e-186
463, 4.2963374995940713e-187
464, 7.50007192817066e-188
465, 1.3064641423264115e-188
466, 2.2708926079051704e-189
467, 3.93880730707508e-190
468, 6.817166493013199e-191
469, 1.1773784348276326e-191
470, 2.0290990047019527e-192
471, 3.4895333201913083e-193
472, 5.988394045241048e-194
473, 1.0254966546815536e-194
474, 1.7524309921775018e-195
475, 2.988356007713992e-196
476, 5.085227660182991e-197
477, 8.635292253142525e-198
478, 1.4633026621436648e-198
479, 2.4744784057118286e-199
480, 4.175682309639877e-200
481, 7.031814284426318e-201
482, 1.1816949316148602e-201
483, 1.9817244194775587e-202
484, 3.316522272266719e-203
485, 5.538934104198312e-204
486, 9.231556840330525e-205
487, 1.5354334785766734e-205
488, 2.54856786403022e-206
489, 4.221554130605277e-207
490, 6.9784874403893794e-208
491, 1.1512372355831961e-208
492, 1.8953295951676098e-209
493, 3.114030369342148e-210
494, 5.106001212888883e-211
495, 8.355274711998903e-212
496, 1.3644702654680596e-212
497, 2.2237845372811034e-213
498, 3.6169989461813147e-214
499, 5.871280854520597e-215
500, 9.511474984326271e-216
501, 1.5377833806991383e-216
502, 2.481283940968777e-217
503, 3.9957057498701565e-218
504, 6.421669955149619e-219
505, 1.0300104284493777e-219
506, 1.648830923011781e-220
507, 2.63422691842121e-221
508, 4.200243708507884e-222
509, 6.6840813435980535e-223
510, 1.061589389865573e-223
511, 1.6827542187683252e-224
512, 2.662169760162119e-225
513, 4.203425937098873e-226
514, 6.624075893090942e-227
515, 1.0418449462924899e-227
516, 1.6354542761561597e-228
517, 2.5623171444618553e-229
518, 4.0067121370916375e-230
519, 6.253250156154927e-231
520, 9.740639666318567e-232
521, 1.5143796794088166e-232
522, 2.3498995025292025e-233
523, 3.639423703730021e-234
524, 5.625826717595153e-235
525, 8.679846935716076e-236
526, 1.3366304216596098e-236
527, 2.0544034943916042e-237
528, 3.151641724350996e-238
529, 4.825765211200051e-239
530, 7.375226077490786e-240
531, 1.1250344863973985e-240
532, 1.7129284473342347e-241
533, 2.6031370400384605e-242
534, 3.9485786562380444e-243
535, 5.978221890755124e-244
536, 9.03425323042779e-245
537, 1.3627085878299096e-245
538, 2.0516616285171108e-246
539, 3.083202076250047e-247
540, 4.624803114378251e-248
541, 6.924381742412203e-249
542, 1.0348245777406215e-249
543, 1.543660972320575e-250
544, 2.298465785992506e-251
545, 3.4160684158782133e-252
546, 5.0677938037750307e-253
547, 7.50441129991725e-254
548, 1.1092286775430316e-254
549, 1.6365669012931945e-255
550, 2.410216709177496e-256
551, 3.543149790260611e-257
552, 5.199187192229551e-258
553, 7.615445977770139e-259
554, 1.1134496826701717e-259
555, 1.625034672004705e-260
556, 2.367406626481951e-261
557, 3.4427277692111864e-262
558, 4.9975080520823416e-263
559, 7.241469628239561e-264
560, 1.0474268569417488e-264
561, 1.5123275474563807e-265
562, 2.179689169819704e-266
563, 3.1359648802029598e-267
564, 4.503779349228227e-268
565, 6.456745615710098e-269
566, 9.240218990682509e-270
567, 1.320031284382791e-270
568, 1.882438979489316e-271
569, 2.6797461746679573e-272
570, 3.808060353475386e-273
571, 5.40197703382888e-274
572, 7.649652792654992e-275
573, 1.0813645308994745e-275
574, 1.5259673693873913e-276
575, 2.1496235986150512e-277
576, 3.022908185552367e-278
577, 4.243597279545355e-279
578, 5.946909682404709e-280
579, 8.319510954667196e-281
580, 1.1618627367724356e-281
581, 1.6198086347422644e-282
582, 2.2543728421685707e-283
583, 3.1321475165627825e-284
584, 4.3442456993427916e-285
585, 6.015109429859165e-286
586, 8.314400406461033e-287
587, 1.1473022707375365e-287
588, 1.5804674137715897e-288
589, 2.173478107225185e-289
590, 2.983927570935574e-290
591, 4.089646924632023e-291
592, 5.595631771878014e-292
593, 7.643274427013201e-293
594, 1.0422646945932138e-293
595, 1.4188813489415648e-294
596, 1.928345457454411e-295
597, 2.616348108104714e-296
598, 3.5438828889046425e-297
599, 4.792228948266204e-298
600, 6.469509080162384e-299
601, 8.719305083075309e-300
602, 1.1731955344339395e-300
603, 1.5759342999857657e-301
604, 2.1134218261397391e-302
605, 2.829539965576519e-303
606, 3.782058369829271e-304
607, 5.04689831888223e-305
608, 6.723663878775178e-306
609, 8.942804173743159e-307
610, 1.1874871115947418e-307
611, 1.574246416353622e-308
612, 2.08356143340859e-309
613, 2.7531562170661e-310
614, 3.6320139019927e-311
615, 4.78362806604e-312
616, 6.29016028165e-313
617, 8.257746885e-314
618, 1.082326048e-314
619, 1.41629095e-315
620, 1.8503156e-316
621, 2.4134553e-317
622, 3.142924e-318
623, 4.0863e-319
624, 5.3043e-320
625, 6.87e-321
626, 8.9e-322
627, 1.14e-322
628, 1.5e-323
629, 0.0
630, 0.0
631, 0.0
632, 0.0
633, 0.0
634, 0.0
635, 0.0
636, 0.0
637, 0.0
638, 0.0
639, 0.0
640, 0.0
641, 0.0
642, 0.0
643, 0.0
644, 0.0
645, 0.0
646, 0.0
647, 0.0
648, 0.0
649, 0.0
650, 0.0
651, 0.0
652, 0.0
653, 0.0
654, 0.0
655, 0.0
656, 0.0
657, 0.0
658, 0.0
659, 0.0
660, 0.0
661, 0.0
662, 0.0
663, 0.0
664, 0.0
665, 0.0
666, 0.0
667, 0.0
668, 0.0
669, 0.0
670, 0.0
671, 0.0
672, 0.0
673, 0.0
674, 0.0
675, 0.0
676, 0.0
677, 0.0
678, 0.0
679, 0.0
680, 0.0
681, 0.0
682, 0.0
683, 0.0
684, 0.0
685, 0.0
686, 0.0
687, 0.0
688, 0.0
689, 0.0
690, 0.0
691, 0.0
692, 0.0
693, 0.0
694, 0.0
695, 0.0
696, 0.0
697, 0.0
698, 0.0
699, 0.0
700, 0.0
701, 0.0
702, 0.0
703, 0.0
704, 0.0
705, 0.0
706, 0.0
707, 0.0
708, 0.0
709, 0.0
710, 0.0
711, 0.0
712, 0.0
713, 0.0
714, 0.0
715, 0.0
716, 0.0
717, 0.0
718, 0.0
719, 0.0
720, 0.0
721, 0.0
722, 0.0
723, 0.0
724, 0.0
725, 0.0
726, 0.0
727, 0.0
728, 0.0
729, 0.0
730, 0.0
731, 0.0
732, 0.0
733, 0.0
734, 0.0
735, 0.0
736, 0.0
737, 0.0
738, 0.0
739, 0.0
740, 0.0
741, 0.0
742, 0.0
743, 0.0
744, 0.0
745, 0.0
746, 0.0
747, 0.0
748, 0.0
749, 0.0
750, 0.0
751, 0.0
752, 0.0
753, 0.0
754, 0.0
755, 0.0
756, 0.0
757, 0.0
758, 0.0
759, 0.0
760, 0.0
761, 0.0
762, 0.0
763, 0.0
764, 0.0
765, 0.0
766, 0.0
767, 0.0
768, 0.0
769, 0.0
770, 0.0
771, 0.0
772, 0.0
773, 0.0
774, 0.0
775, 0.0
776, 0.0
777, 0.0
778, 0.0
779, 0.0
780, 0.0
781, 0.0
782, 0.0
783, 0.0
784, 0.0
785, 0.0
786, 0.0
787, 0.0
788, 0.0
789, 0.0
790, 0.0
791, 0.0
792, 0.0
793, 0.0
794, 0.0
795, 0.0
796, 0.0
797, 0.0
798, 0.0
799, 0.0
800, 0.0
801, 0.0
802, 0.0
803, 0.0
804, 0.0
805, 0.0
806, 0.0
807, 0.0
808, 0.0
809, 0.0
810, 0.0
811, 0.0
812, 0.0
813, 0.0
814, 0.0
815, 0.0
816, 0.0
817, 0.0
818, 0.0
819, 0.0
820, 0.0
821, 0.0
822, 0.0
823, 0.0
824, 0.0
825, 0.0
826, 0.0
827, 0.0
828, 0.0
829, 0.0
830, 0.0
831, 0.0
832, 0.0
833, 0.0
834, 0.0
835, 0.0
836, 0.0
837, 0.0
838, 0.0
839, 0.0
840, 0.0
841, 0.0
842, 0.0
843, 0.0
844, 0.0
845, 0.0
846, 0.0
847, 0.0
848, 0.0
849, 0.0
850, 0.0
851, 0.0
852, 0.0
853, 0.0
854, 0.0
855, 0.0
856, 0.0
857, 0.0
858, 0.0
859, 0.0
860, 0.0
861, 0.0
862, 0.0
863, 0.0
864, 0.0
865, 0.0
866, 0.0
867, 0.0
868, 0.0
869, 0.0
870, 0.0
871, 0.0
872, 0.0
873, 0.0
874, 0.0
875, 0.0
876, 0.0
877, 0.0
878, 0.0
879, 0.0
880, 0.0
881, 0.0
882, 0.0
883, 0.0
884, 0.0
885, 0.0
886, 0.0
887, 0.0
888, 0.0
889, 0.0
890, 0.0
891, 0.0
892, 0.0
893, 0.0
894, 0.0
895, 0.0
896, 0.0
897, 0.0
898, 0.0
899, 0.0
900, 0.0
901, 0.0
902, 0.0
903, 0.0
904, 0.0
905, 0.0
906, 0.0
907, 0.0
908, 0.0
909, 0.0
910, 0.0
911, 0.0
912, 0.0
913, 0.0
914, 0.0
915, 0.0
916, 0.0
917, 0.0
918, 0.0
919, 0.0
920, 0.0
921, 0.0
922, 0.0
923, 0.0
924, 0.0
925, 0.0
926, 0.0
927, 0.0
928, 0.0
929, 0.0
930, 0.0
931, 0.0
932, 0.0
933, 0.0
934, 0.0
935, 0.0
936, 0.0
937, 0.0
938, 0.0
939, 0.0
940, 0.0
941, 0.0
942, 0.0
943, 0.0
944, 0.0
945, 0.0
946, 0.0
947, 0.0
948, 0.0
949, 0.0
950, 0.0
951, 0.0
952, 0.0
953, 0.0
954, 0.0
955, 0.0
956, 0.0
957, 0.0
958, 0.0
959, 0.0
960, 0.0
961, 0.0
962, 0.0
963, 0.0
964, 0.0
965, 0.0
966, 0.0
967, 0.0
968, 0.0
969, 0.0
970, 0.0
971, 0.0
972, 0.0
973, 0.0
974, 0.0
975, 0.0
976, 0.0
977, 0.0
978, 0.0
979, 0.0
980, 0.0
981, 0.0
982, 0.0
983, 0.0
984, 0.0
985, 0.0
986, 0.0
987, 0.0
988, 0.0
989, 0.0
990, 0.0
991, 0.0
992, 0.0
993, 0.0
994, 0.0
995, 0.0
996, 0.0
997, 0.0
998, 0.0
999, 0.0
1000, 0.0
1001, 0.0
1002, 0.0
1003, 0.0
1004, 0.0
1005, 0.0
1006, 0.0
1007, 0.0
1008, 0.0
1009, 0.0
1010, 0.0
1011, 0.0
1012, 0.0
1013, 0.0
1014, 0.0
1015, 0.0
1016, 0.0
1017, 0.0
1018, 0.0
1019, 0.0
1020, 0.0
1021, 0.0
1022, 0.0
1023, 0.0
1024, 0.0
1025, 0.0
1026, 0.0
1027, 0.0
1028, 0.0
1029, 0.0
1030, 0.0
1031, 0.0
1032, 0.0
1033, 0.0
1034, 0.0
1035, 0.0
1036, 0.0
1037, 0.0
1038, 0.0
1039, 0.0
1040, 0.0
1041, 0.0
1042, 0.0
1043, 0.0
1044, 0.0
1045, 0.0
1046, 0.0
1047, 0.0
1048, 0.0
1049, 0.0
1050, 0.0
1051, 0.0
1052, 0.0
1053, 0.0
1054, 0.0
1055, 0.0
1056, 0.0
1057, 0.0
1058, 0.0
1059, 0.0
1060, 0.0
1061, 0.0
1062, 0.0
1063, 0.0
1064, 0.0
1065, 0.0
1066, 0.0
1067, 0.0
1068, 0.0
1069, 0.0
1070, 0.0
1071, 0.0
1072, 0.0
1073, 0.0
1074, 0.0
1075, 0.0
1076, 0.0
1077, 0.0
1078, 0.0
1079, 0.0
1080, 0.0
1081, 0.0
1082, 0.0
1083, 0.0
1084, 0.0
1085, 0.0
1086, 0.0
1087, 0.0
1088, 0.0
1089, 0.0
1090, 0.0
1091, 0.0
1092, 0.0
1093, 0.0
1094, 0.0
1095, 0.0
1096, 0.0
1097, 0.0
1098, 0.0
1099, 0.0
1100, 0.0
1101, 0.0
1102, 0.0
1103, 0.0
1104, 0.0
1105, 0.0
1106, 0.0
1107, 0.0
1108, 0.0
1109, 0.0
1110, 0.0
1111, 0.0
1112, 0.0
1113, 0.0
1114, 0.0
1115, 0.0
1116, 0.0
1117, 0.0
1118, 0.0
1119, 0.0
1120, 0.0
1121, 0.0
1122, 0.0
1123, 0.0
1124, 0.0
1125, 0.0
1126, 0.0
1127, 0.0
1128, 0.0
1129, 0.0
1130, 0.0
1131, 0.0
1132, 0.0
1133, 0.0
1134, 0.0
1135, 0.0
1136, 0.0
1137, 0.0
1138, 0.0
1139, 0.0
1140, 0.0
1141, 0.0
1142, 0.0
1143, 0.0
1144, 0.0
1145, 0.0
1146, 0.0
1147, 0.0
1148, 0.0
1149, 0.0
1150, 0.0
1151, 0.0
1152, 0.0
1153, 0.0
1154, 0.0
1155, 0.0
1156, 0.0
1157, 0.0
1158, 0.0
1159, 0.0
1160, 0.0
1161, 0.0
1162, 0.0
1163, 0.0
1164, 0.0
1165, 0.0
1166, 0.0
1167, 0.0
1168, 0.0
1169, 0.0
1170, 0.0
1171, 0.0
1172, 0.0
1173, 0.0
1174, 0.0
1175, 0.0
1176, 0.0
1177, 0.0
1178, 0.0
1179, 0.0
1180, 0.0
1181, 0.0
1182, 0.0
1183, 0.0
1184, 0.0
1185, 0.0
1186, 0.0
1187, 0.0
1188, 0.0
1189, 0.0
1190, 0.0
1191, 0.0
1192, 0.0
1193, 0.0
1194, 0.0
1195, 0.0
1196, 0.0
1197, 0.0
1198, 0.0
1199, 0.0
1200, 0.0
1201, 0.0
1202, 0.0
1203, 0.0
1204, 0.0
1205, 0.0
1206, 0.0
1207, 0.0
1208, 0.0
1209, 0.0
1210, 0.0
1211, 0.0
1212, 0.0
1213, 0.0
1214, 0.0
1215, 0.0
1216, 0.0
1217, 0.0
1218, 0.0
1219, 0.0
1220, 0.0
1221, 0.0
1222, 0.0
1223, 0.0
1224, 0.0
1225, 0.0
1226, 0.0
1227, 0.0
1228, 0.0
1229, 0.0
1230, 0.0
1231, 0.0
1232, 0.0
1233, 0.0
1234, 0.0
1235, 0.0
1236, 0.0
1237, 0.0
1238, 0.0
1239, 0.0
1240, 0.0
1241, 0.0
1242, 0.0
1243, 0.0
1244, 0.0
1245, 0.0
1246, 0.0
1247, 0.0
1248, 0.0
1249, 0.0
1250, 0.0
1251, 0.0
1252, 0.0
1253, 0.0
1254, 0.0
1255, 0.0
1256, 0.0
1257, 0.0
1258, 0.0
1259, 0.0
1260, 0.0
1261, 0.0
1262, 0.0
1263, 0.0
1264, 0.0
1265, 0.0
1266, 0.0
1267, 0.0
1268, 0.0
1269, 0.0
1270, 0.0
1271, 0.0
1272, 0.0
1273, 0.0
1274, 0.0
1275, 0.0
1276, 0.0
1277, 0.0
1278, 0.0
1279, 0.0
1280, 0.0
1281, 0.0
1282, 0.0
1283, 0.0
1284, 0.0
1285, 0.0
1286, 0.0
1287, 0.0
1288, 0.0
1289, 0.0
1290, 0.0
1291, 0.0
1292, 0.0
1293, 0.0
1294, 0.0
1295, 0.0
1296, 0.0
1297, 0.0
1298, 0.0
1299, 0.0
1300, 0.0
1301, 0.0
1302, 0.0
1303, 0.0
1304, 0.0
1305, 0.0
1306, 0.0
1307, 0.0
1308, 0.0
1309, 0.0
1310, 0.0
1311, 0.0
1312, 0.0
1313, 0.0
1314, 0.0
1315, 0.0
1316, 0.0
1317, 0.0
1318, 0.0
1319, 0.0
1320, 0.0
1321, 0.0
1322, 0.0
1323, 0.0
1324, 0.0
1325, 0.0
1326, 0.0
1327, 0.0
1328, 0.0
1329, 0.0
1330, 0.0
1331, 0.0
1332, 0.0
1333, 0.0
1334, 0.0
1335, 0.0
1336, 0.0
1337, 0.0
1338, 0.0
1339, 0.0
1340, 0.0
1341, 0.0
1342, 0.0
1343, 0.0
1344, 0.0
1345, 0.0
1346, 0.0
1347, 0.0
1348, 0.0
1349, 0.0
1350, 0.0
1351, 0.0
1352, 0.0
1353, 0.0
1354, 0.0
1355, 0.0
1356, 0.0
1357, 0.0
1358, 0.0
1359, 0.0
1360, 0.0
1361, 0.0
1362, 0.0
1363, 0.0
1364, 0.0
1365, 0.0
1366, 0.0
1367, 0.0
1368, 0.0
1369, 0.0
1370, 0.0
1371, 0.0
1372, 0.0
1373, 0.0
1374, 0.0
1375, 0.0
1376, 0.0
1377, 0.0
1378, 0.0
1379, 0.0
1380, 0.0
1381, 0.0
1382, 0.0
1383, 0.0
1384, 0.0
1385, 0.0
1386, 0.0
1387, 0.0
1388, 0.0
1389, 0.0
1390, 0.0
1391, 0.0
1392, 0.0
1393, 0.0
1394, 0.0
1395, 0.0
1396, 0.0
1397, 0.0
1398, 0.0
1399, 0.0
1400, 0.0
1401, 0.0
1402, 0.0
1403, 0.0
1404, 0.0
1405, 0.0
1406, 0.0
1407, 0.0
1408, 0.0
1409, 0.0
1410, 0.0
1411, 0.0
1412, 0.0
1413, 0.0
1414, 0.0
1415, 0.0
1416, 0.0
1417, 0.0
1418, 0.0
1419, 0.0
1420, 0.0
1421, 0.0
1422, 0.0
1423, 0.0
1424, 0.0
1425, 0.0
1426, 0.0
1427, 0.0
1428, 0.0
1429, 0.0
1430, 0.0
1431, 0.0
1432, 0.0
1433, 0.0
1434, 0.0
1435, 0.0
1436, 0.0
1437, 0.0
1438, 0.0
1439, 0.0
1440, 0.0
1441, 0.0
1442, 0.0
1443, 0.0
1444, 0.0
1445, 0.0
1446, 0.0
1447, 0.0
1448, 0.0
1449, 0.0
1450, 0.0
1451, 0.0
1452, 0.0
1453, 0.0
1454, 0.0
1455, 0.0
1456, 0.0
1457, 0.0
1458, 0.0
1459, 0.0
1460, 0.0
1461, 0.0
1462, 0.0
1463, 0.0
1464, 0.0
1465, 0.0
1466, 0.0
1467, 0.0
1468, 0.0
1469, 0.0
1470, 0.0
1471, 0.0
1472, 0.0
1473, 0.0
1474, 0.0
1475, 0.0
1476, 0.0
1477, 0.0
1478, 0.0
1479, 0.0
1480, 0.0
1481, 0.0
1482, 0.0
1483, 0.0
1484, 0.0
1485, 0.0
1486, 0.0
1487, 0.0
1488, 0.0
1489, 0.0
1490, 0.0
1491, 0.0
1492, 0.0
1493, 0.0
1494, 0.0
1495, 0.0
1496, 0.0
1497, 0.0
1498, 0.0
1499, 0.0
1500, 0.0
1501, 0.0
1502, 0.0
1503, 0.0
1504, 0.0
1505, 0.0
1506, 0.0
1507, 0.0
1508, 0.0
1509, 0.0
1510, 0.0
1511, 0.0
1512, 0.0
1513, 0.0
1514, 0.0
1515, 0.0
1516, 0.0
1517, 0.0
1518, 0.0
1519, 0.0
1520, 0.0
1521, 0.0
1522, 0.0
1523, 0.0
1524, 0.0
1525, 0.0
1526, 0.0
1527, 0.0
1528, 0.0
1529, 0.0
1530, 0.0
1531, 0.0
1532, 0.0
1533, 0.0
1534, 0.0
1535, 0.0
1536, 0.0
1537, 0.0
1538, 0.0
1539, 0.0
1540, 0.0
1541, 0.0
1542, 0.0
1543, 0.0
1544, 0.0
1545, 0.0
1546, 0.0
1547, 0.0
1548, 0.0
1549, 0.0
1550, 0.0
1551, 0.0
1552, 0.0
1553, 0.0
1554, 0.0
1555, 0.0
1556, 0.0
1557, 0.0
1558, 0.0
1559, 0.0
1560, 0.0
1561, 0.0
1562, 0.0
1563, 0.0
1564, 0.0
1565, 0.0
1566, 0.0
1567, 0.0
1568, 0.0
1569, 0.0
1570, 0.0
1571, 0.0
1572, 0.0
1573, 0.0
1574, 0.0
1575, 0.0
1576, 0.0
1577, 0.0
1578, 0.0
1579, 0.0
1580, 0.0
1581, 0.0
1582, 0.0
1583, 0.0
1584, 0.0
1585, 0.0
1586, 0.0
1587, 0.0
1588, 0.0
1589, 0.0
1590, 0.0
1591, 0.0
1592, 0.0
1593, 0.0
1594, 0.0
1595, 0.0
1596, 0.0
1597, 0.0
1598, 0.0
1599, 0.0
1600, 0.0
1601, 0.0
1602, 0.0
1603, 0.0
1604, 0.0
1605, 0.0
1606, 0.0
1607, 0.0
1608, 0.0
1609, 0.0
1610, 0.0
1611, 0.0
1612, 0.0
1613, 0.0
1614, 0.0
1615, 0.0
1616, 0.0
1617, 0.0
1618, 0.0
1619, 0.0
1620, 0.0
1621, 0.0
1622, 0.0
1623, 0.0
1624, 0.0
1625, 0.0
1626, 0.0
1627, 0.0
1628, 0.0
1629, 0.0
1630, 0.0
1631, 0.0
1632, 0.0
1633, 0.0
1634, 0.0
1635, 0.0
1636, 0.0
1637, 0.0
1638, 0.0
1639, 0.0
1640, 0.0
1641, 0.0
1642, 0.0
1643, 0.0
1644, 0.0
1645, 0.0
1646, 0.0
1647, 0.0
1648, 0.0
1649, 0.0
1650, 0.0
1651, 0.0
1652, 0.0
1653, 0.0
1654, 0.0
1655, 0.0
1656, 0.0
1657, 0.0
1658, 0.0
1659, 0.0
1660, 0.0
1661, 0.0
1662, 0.0
1663, 0.0
1664, 0.0
1665, 0.0
1666, 0.0
1667, 0.0
1668, 0.0
1669, 0.0
1670, 0.0
1671, 0.0
1672, 0.0
1673, 0.0
1674, 0.0
1675, 0.0
1676, 0.0
1677, 0.0
1678, 0.0
1679, 0.0
1680, 0.0
1681, 0.0
1682, 0.0
1683, 0.0
1684, 0.0
1685, 0.0
1686, 0.0
1687, 0.0
1688, 0.0
1689, 0.0
1690, 0.0
1691, 0.0
1692, 0.0
1693, 0.0
1694, 0.0
1695, 0.0
1696, 0.0
1697, 0.0
1698, 0.0
1699, 0.0
1700, 0.0
1701, 0.0
1702, 0.0
1703, 0.0
1704, 0.0
1705, 0.0
1706, 0.0
1707, 0.0
1708, 0.0
1709, 0.0
1710, 0.0
1711, 0.0
1712, 0.0
1713, 0.0
1714, 0.0
1715, 0.0
1716, 0.0
1717, 0.0
1718, 0.0
1719, 0.0
1720, 0.0
1721, 0.0
1722, 0.0
1723, 0.0
1724, 0.0
1725, 0.0
1726, 0.0
1727, 0.0
1728, 0.0
1729, 0.0
1730, 0.0
1731, 0.0
1732, 0.0
1733, 0.0
1734, 0.0
1735, 0.0
1736, 0.0
1737, 0.0
1738, 0.0
1739, 0.0
1740, 0.0
1741, 0.0
1742, 0.0
1743, 0.0
1744, 0.0
1745, 0.0
1746, 0.0
1747, 0.0
1748, 0.0
1749, 0.0
1750, 0.0
1751, 0.0
1752, 0.0
1753, 0.0
1754, 0.0
1755, 0.0
1756, 0.0
1757, 0.0
1758, 0.0
1759, 0.0
1760, 0.0
1761, 0.0
1762, 0.0
1763, 0.0
1764, 0.0
1765, 0.0
1766, 0.0
1767, 0.0
1768, 0.0
1769, 0.0
1770, 0.0
1771, 0.0
1772, 0.0
1773, 0.0
1774, 0.0
1775, 0.0
1776, 0.0
1777, 0.0
1778, 0.0
1779, 0.0
1780, 0.0
1781, 0.0
1782, 0.0
1783, 0.0
1784, 0.0
1785, 0.0
1786, 0.0
1787, 0.0
1788, 0.0
1789, 0.0
1790, 0.0
1791, 0.0
1792, 0.0
1793, 0.0
1794, 0.0
1795, 0.0
1796, 0.0
1797, 0.0
1798, 0.0
1799, 0.0
1800, 0.0
1801, 0.0
1802, 0.0
1803, 0.0
1804, 0.0
1805, 0.0
1806, 0.0
1807, 0.0
1808, 0.0
1809, 0.0
1810, 0.0
1811, 0.0
1812, 0.0
1813, 0.0
1814, 0.0
1815, 0.0
1816, 0.0
1817, 0.0
1818, 0.0
1819, 0.0
1820, 0.0
1821, 0.0
1822, 0.0
1823, 0.0
1824, 0.0
1825, 0.0
1826, 0.0
1827, 0.0
1828, 0.0
1829, 0.0
1830, 0.0
1831, 0.0
1832, 0.0
1833, 0.0
1834, 0.0
1835, 0.0
1836, 0.0
1837, 0.0
1838, 0.0
1839, 0.0
1840, 0.0
1841, 0.0
1842, 0.0
1843, 0.0
1844, 0.0
1845, 0.0
1846, 0.0
1847, 0.0
1848, 0.0
1849, 0.0
1850, 0.0
1851, 0.0
1852, 0.0
1853, 0.0
1854, 0.0
1855, 0.0
1856, 0.0
1857, 0.0
1858, 0.0
1859, 0.0
1860, 0.0
1861, 0.0
1862, 0.0
1863, 0.0
1864, 0.0
1865, 0.0
1866, 0.0
1867, 0.0
1868, 0.0
1869, 0.0
1870, 0.0
1871, 0.0
1872, 0.0
1873, 0.0
1874, 0.0
1875, 0.0
1876, 0.0
1877, 0.0
1878, 0.0
1879, 0.0
1880, 0.0
1881, 0.0
1882, 0.0
1883, 0.0
1884, 0.0
1885, 0.0
1886, 0.0
1887, 0.0
1888, 0.0
1889, 0.0
1890, 0.0
1891, 0.0
1892, 0.0
1893, 0.0
1894, 0.0
1895, 0.0
1896, 0.0
1897, 0.0
1898, 0.0
1899, 0.0
1900, 0.0
1901, 0.0
1902, 0.0
1903, 0.0
1904, 0.0
1905, 0.0
1906, 0.0
1907, 0.0
1908, 0.0
1909, 0.0
1910, 0.0
1911, 0.0
1912, 0.0
1913, 0.0
1914, 0.0
1915, 0.0
1916, 0.0
1917, 0.0
1918, 0.0
1919, 0.0
1920, 0.0
1921, 0.0
1922, 0.0
1923, 0.0
1924, 0.0
1925, 0.0
1926, 0.0
1927, 0.0
1928, 0.0
1929, 0.0
1930, 0.0
1931, 0.0
1932, 0.0
1933, 0.0
1934, 0.0
1935, 0.0
1936, 0.0
1937, 0.0
1938, 0.0
1939, 0.0
1940, 0.0
1941, 0.0
1942, 0.0
1943, 0.0
1944, 0.0
1945, 0.0
1946, 0.0
1947, 0.0
1948, 0.0
1949, 0.0
1950, 0.0
1951, 0.0
1952, 0.0
1953, 0.0
1954, 0.0
1955, 0.0
1956, 0.0
1957, 0.0
1958, 0.0
1959, 0.0
1960, 0.0
1961, 0.0
1962, 0.0
1963, 0.0
1964, 0.0
1965, 0.0
1966, 0.0
1967, 0.0
1968, 0.0
1969, 0.0
1970, 0.0
1971, 0.0
1972, 0.0
1973, 0.0
1974, 0.0
1975, 0.0
1976, 0.0
1977, 0.0
1978, 0.0
1979, 0.0
1980, 0.0
1981, 0.0
1982, 0.0
1983, 0.0
1984, 0.0
1985, 0.0
1986, 0.0
1987, 0.0
1988, 0.0
1989, 0.0
1990, 0.0
1991, 0.0
1992, 0.0
1993, 0.0
1994, 0.0
1995, 0.0
1996, 0.0
1997, 0.0
1998, 0.0
1999, 0.0
2000, 0.0
2001, 0.0
2002, 0.0
2003, 0.0
2004, 0.0
2005, 0.0
2006, 0.0
2007, 0.0
2008, 0.0
2009, 0.0
2010, 0.0
2011, 0.0
2012, 0.0
2013, 0.0
2014, 0.0
2015, 0.0
2016, 0.0
2017, 0.0
2018, 0.0
2019, 0.0
2020, 0.0
2021, 0.0
2022, 0.0
2023, 0.0
2024, 0.0
2025, 0.0
2026, 0.0
2027, 0.0
2028, 0.0
2029, 0.0
2030, 0.0
2031, 0.0
2032, 0.0
2033, 0.0
2034, 0.0
2035, 0.0
2036, 0.0
2037, 0.0
2038, 0.0
2039, 0.0
2040, 0.0
2041, 0.0
2042, 0.0
2043, 0.0
2044, 0.0
2045, 0.0
2046, 0.0
2047, 0.0
2048, 0.0
2049, 0.0
2050, 0.0
2051, 0.0
2052, 0.0
2053, 0.0
2054, 0.0
2055, 0.0
2056, 0.0
2057, 0.0
2058, 0.0
2059, 0.0
2060, 0.0
2061, 0.0
2062, 0.0
2063, 0.0
2064, 0.0
2065, 0.0
2066, 0.0
2067, 0.0
2068, 0.0
2069, 0.0
2070, 0.0
2071, 0.0
2072, 0.0
2073, 0.0
2074, 0.0
2075, 0.0
2076, 0.0
2077, 0.0
2078, 0.0
2079, 0.0
2080, 0.0
2081, 0.0
2082, 0.0
2083, 0.0
2084, 0.0
2085, 0.0
2086, 0.0
2087, 0.0
2088, 0.0
2089, 0.0
2090, 0.0
2091, 0.0
2092, 0.0
2093, 0.0
2094, 0.0
2095, 0.0
2096, 0.0
2097, 0.0
2098, 0.0
2099, 0.0
2100, 0.0
2101, 0.0
2102, 0.0
2103, 0.0
2104, 0.0
2105, 0.0
2106, 0.0
2107, 0.0
2108, 0.0
2109, 0.0
2110, 0.0
2111, 0.0
2112, 0.0
2113, 0.0
2114, 0.0
2115, 0.0
2116, 0.0
2117, 0.0
2118, 0.0
2119, 0.0
2120, 0.0
2121, 0.0
2122, 0.0
2123, 0.0
2124, 0.0
2125, 0.0
2126, 0.0
2127, 0.0
2128, 0.0
2129, 0.0
2130, 0.0
2131, 0.0
2132, 0.0
2133, 0.0
2134, 0.0
2135, 0.0
2136, 0.0
2137, 0.0
2138, 0.0
2139, 0.0
2140, 0.0
2141, 0.0
2142, 0.0
2143, 0.0
2144, 0.0
2145, 0.0
2146, 0.0
2147, 0.0
2148, 0.0
2149, 0.0
2150, 0.0
2151, 0.0
2152, 0.0
2153, 0.0
2154, 0.0
2155, 0.0
2156, 0.0
2157, 0.0
2158, 0.0
2159, 0.0
2160, 0.0
2161, 0.0
2162, 0.0
2163, 0.0
2164, 0.0
2165, 0.0
2166, 0.0
2167, 0.0
2168, 0.0
2169, 0.0
2170, 0.0
2171, 0.0
2172, 0.0
2173, 0.0
2174, 0.0
2175, 0.0
2176, 0.0
2177, 0.0
2178, 0.0
2179, 0.0
2180, 0.0
2181, 0.0
2182, 0.0
2183, 0.0
2184, 0.0
2185, 0.0
2186, 0.0
2187, 0.0
2188, 0.0
2189, 0.0
2190, 0.0
2191, 0.0
2192, 0.0
2193, 0.0
2194, 0.0
2195, 0.0
2196, 0.0
2197, 0.0
2198, 0.0
2199, 0.0
2200, 0.0
2201, 0.0
2202, 0.0
2203, 0.0
2204, 0.0
2205, 0.0
2206, 0.0
2207, 0.0
2208, 0.0
2209, 0.0
2210, 0.0
2211, 0.0
2212, 0.0
2213, 0.0
2214, 0.0
2215, 0.0
2216, 0.0
2217, 0.0
2218, 0.0
2219, 0.0
2220, 0.0
2221, 0.0
2222, 0.0
2223, 0.0
2224, 0.0
2225, 0.0
2226, 0.0
2227, 0.0
2228, 0.0
2229, 0.0
2230, 0.0
2231, 0.0
2232, 0.0
2233, 0.0
2234, 0.0
2235, 0.0
2236, 0.0
2237, 0.0
2238, 0.0
2239, 0.0
2240, 0.0
2241, 0.0
2242, 0.0
2243, 0.0
2244, 0.0
2245, 0.0
2246, 0.0
2247, 0.0
2248, 0.0
2249, 0.0
2250, 0.0
2251, 0.0
2252, 0.0
2253, 0.0
2254, 0.0
2255, 0.0
2256, 0.0
2257, 0.0
2258, 0.0
2259, 0.0
2260, 0.0
2261, 0.0
2262, 0.0
2263, 0.0
2264, 0.0
2265, 0.0
2266, 0.0
2267, 0.0
2268, 0.0
2269, 0.0
2270, 0.0
2271, 0.0
2272, 0.0
2273, 0.0
2274, 0.0
2275, 0.0
2276, 0.0
2277, 0.0
2278, 0.0
2279, 0.0
2280, 0.0
2281, 0.0
2282, 0.0
2283, 0.0
2284, 0.0
2285, 0.0
2286, 0.0
2287, 0.0
2288, 0.0
2289, 0.0
2290, 0.0
2291, 0.0
2292, 0.0
2293, 0.0
2294, 0.0
2295, 0.0
2296, 0.0
2297, 0.0
2298, 0.0
2299, 0.0
2300, 0.0
2301, 0.0
2302, 0.0
2303, 0.0
2304, 0.0
2305, 0.0
2306, 0.0
2307, 0.0
2308, 0.0
2309, 0.0
2310, 0.0
2311, 0.0
2312, 0.0
2313, 0.0
2314, 0.0
2315, 0.0
2316, 0.0
2317, 0.0
2318, 0.0
2319, 0.0
2320, 0.0
2321, 0.0
2322, 0.0
2323, 0.0
2324, 0.0
2325, 0.0
2326, 0.0
2327, 0.0
2328, 0.0
2329, 0.0
2330, 0.0
2331, 0.0
2332, 0.0
2333, 0.0
2334, 0.0
2335, 0.0
2336, 0.0
2337, 0.0
2338, 0.0
2339, 0.0
2340, 0.0
2341, 0.0
2342, 0.0
2343, 0.0
2344, 0.0
2345, 0.0
2346, 0.0
2347, 0.0
2348, 0.0
2349, 0.0
2350, 0.0
2351, 0.0
2352, 0.0
2353, 0.0
2354, 0.0
2355, 0.0
2356, 0.0
2357, 0.0
2358, 0.0
2359, 0.0
2360, 0.0
2361, 0.0
2362, 0.0
2363, 0.0
2364, 0.0
2365, 0.0
2366, 0.0
2367, 0.0
2368, 0.0
2369, 0.0
2370, 0.0
2371, 0.0
2372, 0.0
2373, 0.0
2374, 0.0
2375, 0.0
2376, 0.0
2377, 0.0
2378, 0.0
2379, 0.0
2380, 0.0
2381, 0.0
2382, 0.0
2383, 0.0
2384, 0.0
2385, 0.0
2386, 0.0
2387, 0.0
2388, 0.0
2389, 0.0
2390, 0.0
2391, 0.0
2392, 0.0
2393, 0.0
2394, 0.0
2395, 0.0
2396, 0.0
2397, 0.0
2398, 0.0
2399, 0.0
2400, 0.0
2401, 0.0
2402, 0.0
2403, 0.0
2404, 0.0
2405, 0.0
2406, 0.0
2407, 0.0
2408, 0.0
2409, 0.0
2410, 0.0
2411, 0.0
2412, 0.0
2413, 0.0
2414, 0.0
2415, 0.0
2416, 0.0
2417, 0.0
2418, 0.0
2419, 0.0
2420, 0.0
2421, 0.0
2422, 0.0
2423, 0.0
2424, 0.0
2425, 0.0
2426, 0.0
2427, 0.0
2428, 0.0
2429, 0.0
2430, 0.0
2431, 0.0
2432, 0.0
2433, 0.0
2434, 0.0
2435, 0.0
2436, 0.0
2437, 0.0
2438, 0.0
2439, 0.0
2440, 0.0
2441, 0.0
2442, 0.0
2443, 0.0
2444, 0.0
2445, 0.0
2446, 0.0
2447, 0.0
2448, 0.0
2449, 0.0
2450, 0.0
2451, 0.0
2452, 0.0
2453, 0.0
2454, 0.0
2455, 0.0
2456, 0.0
2457, 0.0
2458, 0.0
2459, 0.0
2460, 0.0
2461, 0.0
2462, 0.0
2463, 0.0
2464, 0.0
2465, 0.0
2466, 0.0
2467, 0.0
2468, 0.0
2469, 0.0
2470, 0.0
2471, 0.0
2472, 0.0
2473, 0.0
2474, 0.0
2475, 0.0
2476, 0.0
2477, 0.0
2478, 0.0
2479, 0.0
2480, 0.0
2481, 0.0
2482, 0.0
2483, 0.0
2484, 0.0
2485, 0.0
2486, 0.0
2487, 0.0
2488, 0.0
2489, 0.0
2490, 0.0
2491, 0.0
2492, 0.0
2493, 0.0
2494, 0.0
2495, 0.0
2496, 0.0
2497, 0.0
2498, 0.0
2499, 0.0
2500, 0.0
2501, 0.0
2502, 0.0
2503, 0.0
2504, 0.0
2505, 0.0
2506, 0.0
2507, 0.0
2508, 0.0
2509, 0.0
2510, 0.0
2511, 0.0
2512, 0.0
2513, 0.0
2514, 0.0
2515, 0.0
2516, 0.0
2517, 0.0
2518, 0.0
2519, 0.0
2520, 0.0
2521, 0.0
2522, 0.0
2523, 0.0
2524, 0.0
2525, 0.0
2526, 0.0
2527, 0.0
2528, 0.0
2529, 0.0
2530, 0.0
2531, 0.0
2532, 0.0
2533, 0.0
2534, 0.0
2535, 0.0
2536, 0.0
2537, 0.0
2538, 0.0
2539, 0.0
2540, 0.0
2541, 0.0
2542, 0.0
2543, 0.0
2544, 0.0
2545, 0.0
2546, 0.0
2547, 0.0
2548, 0.0
2549, 0.0
2550, 0.0
2551, 0.0
2552, 0.0
2553, 0.0
2554, 0.0
2555, 0.0
2556, 0.0
2557, 0.0
2558, 0.0
2559, 0.0
2560, 0.0
2561, 0.0
2562, 0.0
2563, 0.0
2564, 0.0
2565, 0.0
2566, 0.0
2567, 0.0
2568, 0.0
2569, 0.0
2570, 0.0
2571, 0.0
2572, 0.0
2573, 0.0
2574, 0.0
2575, 0.0
2576, 0.0
2577, 0.0
2578, 0.0
2579, 0.0
2580, 0.0
2581, 0.0
2582, 0.0
2583, 0.0
2584, 0.0
2585, 0.0
2586, 0.0
2587, 0.0
2588, 0.0
2589, 0.0
2590, 0.0
2591, 0.0
2592, 0.0
2593, 0.0
2594, 0.0
2595, 0.0
2596, 0.0
2597, 0.0
2598, 0.0
2599, 0.0
2600, 0.0
2601, 0.0
2602, 0.0
2603, 0.0
2604, 0.0
2605, 0.0
2606, 0.0
2607, 0.0
2608, 0.0
2609, 0.0
2610, 0.0
2611, 0.0
2612, 0.0
2613, 0.0
2614, 0.0
2615, 0.0
2616, 0.0
2617, 0.0
2618, 0.0
2619, 0.0
2620, 0.0
2621, 0.0
2622, 0.0
2623, 0.0
2624, 0.0
2625, 0.0
2626, 0.0
2627, 0.0
2628, 0.0
2629, 0.0
2630, 0.0
2631, 0.0
2632, 0.0
2633, 0.0
2634, 0.0
2635, 0.0
2636, 0.0
2637, 0.0
2638, 0.0
2639, 0.0
2640, 0.0
2641, 0.0
2642, 0.0
2643, 0.0
2644, 0.0
2645, 0.0
2646, 0.0
2647, 0.0
2648, 0.0
2649, 0.0
2650, 0.0
2651, 0.0
2652, 0.0
2653, 0.0
2654, 0.0
2655, 0.0
2656, 0.0
2657, 0.0
2658, 0.0
2659, 0.0
2660, 0.0
2661, 0.0
2662, 0.0
2663, 0.0
2664, 0.0
2665, 0.0
2666, 0.0
2667, 0.0
2668, 0.0
2669, 0.0
2670, 0.0
2671, 0.0
2672, 0.0
2673, 0.0
2674, 0.0
2675, 0.0
2676, 0.0
2677, 0.0
2678, 0.0
2679, 0.0
2680, 0.0
2681, 0.0
2682, 0.0
2683, 0.0
2684, 0.0
2685, 0.0
2686, 0.0
2687, 0.0
2688, 0.0
2689, 0.0
2690, 0.0
2691, 0.0
2692, 0.0
2693, 0.0
2694, 0.0
2695, 0.0
2696, 0.0
2697, 0.0
2698, 0.0
2699, 0.0
2700, 0.0
2701, 0.0
2702, 0.0
2703, 0.0
2704, 0.0
2705, 0.0
2706, 0.0
2707, 0.0
2708, 0.0
2709, 0.0
2710, 0.0
2711, 0.0
2712, 0.0
2713, 0.0
2714, 0.0
2715, 0.0
2716, 0.0
2717, 0.0
2718, 0.0
2719, 0.0
2720, 0.0
2721, 0.0
2722, 0.0
2723, 0.0
2724, 0.0
2725, 0.0
2726, 0.0
2727, 0.0
2728, 0.0
2729, 0.0
2730, 0.0
2731, 0.0
2732, 0.0
2733, 0.0
2734, 0.0
2735, 0.0
2736, 0.0
2737, 0.0
2738, 0.0
2739, 0.0
2740, 0.0
2741, 0.0
2742, 0.0
2743, 0.0
2744, 0.0
2745, 0.0
2746, 0.0
2747, 0.0
2748, 0.0
2749, 0.0
2750, 0.0
2751, 0.0
2752, 0.0
2753, 0.0
2754, 0.0
2755, 0.0
2756, 0.0
2757, 0.0
2758, 0.0
2759, 0.0
2760, 0.0
2761, 0.0
2762, 0.0
2763, 0.0
2764, 0.0
2765, 0.0
2766, 0.0
2767, 0.0
2768, 0.0
2769, 0.0
2770, 0.0
2771, 0.0
2772, 0.0
2773, 0.0
2774, 0.0
2775, 0.0
2776, 0.0
2777, 0.0
2778, 0.0
2779, 0.0
2780, 0.0
2781, 0.0
2782, 0.0
2783, 0.0
2784, 0.0
2785, 0.0
2786, 0.0
2787, 0.0
2788, 0.0
2789, 0.0
2790, 0.0
2791, 0.0
2792, 0.0
2793, 0.0
2794, 0.0
2795, 0.0
2796, 0.0
2797, 0.0
2798, 0.0
2799, 0.0
2800, 0.0
2801, 0.0
2802, 0.0
2803, 0.0
2804, 0.0
2805, 0.0
2806, 0.0
2807, 0.0
2808, 0.0
2809, 0.0
2810, 0.0
2811, 0.0
2812, 0.0
2813, 0.0
2814, 0.0
2815, 0.0
2816, 0.0
2817, 0.0
2818, 0.0
2819, 0.0
2820, 0.0
2821, 0.0
2822, 0.0
2823, 0.0
2824, 0.0
2825, 0.0
2826, 0.0
2827, 0.0
2828, 0.0
2829, 0.0
2830, 0.0
2831, 0.0
2832, 0.0
2833, 0.0
2834, 0.0
2835, 0.0
2836, 0.0
2837, 0.0
2838, 0.0
2839, 0.0
2840, 0.0
2841, 0.0
2842, 0.0
2843, 0.0
2844, 0.0
2845, 0.0
2846, 0.0
2847, 0.0
2848, 0.0
2849, 0.0
2850, 0.0
2851, 0.0
2852, 0.0
2853, 0.0
2854, 0.0
2855, 0.0
2856, 0.0
2857, 0.0
2858, 0.0
2859, 0.0
2860, 0.0
2861, 0.0
2862, 0.0
2863, 0.0
2864, 0.0
2865, 0.0
2866, 0.0
2867, 0.0
2868, 0.0
2869, 0.0
2870, 0.0
2871, 0.0
2872, 0.0
2873, 0.0
2874, 0.0
2875, 0.0
2876, 0.0
2877, 0.0
2878, 0.0
2879, 0.0
2880, 0.0
2881, 0.0
2882, 0.0
2883, 0.0
2884, 0.0
2885, 0.0
2886, 0.0
2887, 0.0
2888, 0.0
2889, 0.0
2890, 0.0
2891, 0.0
2892, 0.0
2893, 0.0
2894, 0.0
2895, 0.0
2896, 0.0
2897, 0.0
2898, 0.0
2899, 0.0
2900, 0.0
2901, 0.0
2902, 0.0
2903, 0.0
2904, 0.0
2905, 0.0
2906, 0.0
2907, 0.0
2908, 0.0
2909, 0.0
2910, 0.0
2911, 0.0
2912, 0.0
2913, 0.0
2914, 0.0
2915, 0.0
2916, 0.0
2917, 0.0
2918, 0.0
2919, 0.0
2920, 0.0
2921, 0.0
2922, 0.0
2923, 0.0
2924, 0.0
2925, 0.0
2926, 0.0
2927, 0.0
2928, 0.0
2929, 0.0
2930, 0.0
2931, 0.0
2932, 0.0
2933, 0.0
2934, 0.0
2935, 0.0
2936, 0.0
2937, 0.0
2938, 0.0
2939, 0.0
2940, 0.0
2941, 0.0
2942, 0.0
2943, 0.0
2944, 0.0
2945, 0.0
2946, 0.0
2947, 0.0
2948, 0.0
2949, 0.0
2950, 0.0
2951, 0.0
2952, 0.0
2953, 0.0
2954, 0.0
2955, 0.0
2956, 0.0
2957, 0.0
2958, 0.0
2959, 0.0
2960, 0.0
2961, 0.0
2962, 0.0
2963, 0.0
2964, 0.0
2965, 0.0
2966, 0.0
2967, 0.0
2968, 0.0
2969, 0.0
2970, 0.0
2971, 0.0
2972, 0.0
2973, 0.0
2974, 0.0
2975, 0.0
2976, 0.0
2977, 0.0
2978, 0.0
2979, 0.0
2980, 0.0
2981, 0.0
2982, 0.0
2983, 0.0
2984, 0.0
2985, 0.0
2986, 0.0
2987, 0.0
2988, 0.0
2989, 0.0
2990, 0.0
2991, 0.0
2992, 0.0
2993, 0.0
2994, 0.0
2995, 0.0
2996, 0.0
2997, 0.0
2998, 0.0
2999, 0.0
3000, 0.0
3001, 0.0
3002, 0.0
3003, 0.0
3004, 0.0
3005, 0.0
3006, 0.0
3007, 0.0
3008, 0.0
3009, 0.0
3010, 0.0
3011, 0.0
3012, 0.0
3013, 0.0
3014, 0.0
3015, 0.0
3016, 0.0
3017, 0.0
3018, 0.0
3019, 0.0
3020, 0.0
3021, 0.0
3022, 0.0
3023, 0.0
3024, 0.0
3025, 0.0
3026, 0.0
3027, 0.0
3028, 0.0
3029, 0.0
3030, 0.0
3031, 0.0
3032, 0.0
3033, 0.0
3034, 0.0
3035, 0.0
3036, 0.0
3037, 0.0
3038, 0.0
3039, 0.0
3040, 0.0
3041, 0.0
3042, 0.0
3043, 0.0
3044, 0.0
3045, 0.0
3046, 0.0
3047, 0.0
3048, 0.0
3049, 0.0
3050, 0.0
3051, 0.0
3052, 0.0
3053, 0.0
3054, 0.0
3055, 0.0
3056, 0.0
3057, 0.0
3058, 0.0
3059, 0.0
3060, 0.0
3061, 0.0
3062, 0.0
3063, 0.0
3064, 0.0
3065, 0.0
3066, 0.0
3067, 0.0
3068, 0.0
3069, 0.0
3070, 0.0
3071, 0.0
3072, 0.0
3073, 0.0
3074, 0.0
3075, 0.0
3076, 0.0
3077, 0.0
3078, 0.0
3079, 0.0
3080, 0.0
3081, 0.0
3082, 0.0
3083, 0.0
3084, 0.0
3085, 0.0
3086, 0.0
3087, 0.0
3088, 0.0
3089, 0.0
3090, 0.0
3091, 0.0
3092, 0.0
3093, 0.0
3094, 0.0
3095, 0.0
3096, 0.0
3097, 0.0
3098, 0.0
3099, 0.0
3100, 0.0
3101, 0.0
3102, 0.0
3103, 0.0
3104, 0.0
3105, 0.0
3106, 0.0
3107, 0.0
3108, 0.0
3109, 0.0
3110, 0.0
3111, 0.0
3112, 0.0
3113, 0.0
3114, 0.0
3115, 0.0
3116, 0.0
3117, 0.0
3118, 0.0
3119, 0.0
3120, 0.0
3121, 0.0
3122, 0.0
3123, 0.0
3124, 0.0
3125, 0.0
3126, 0.0
3127, 0.0
3128, 0.0
3129, 0.0
3130, 0.0
3131, 0.0
3132, 0.0
3133, 0.0
3134, 0.0
3135, 0.0
3136, 0.0
3137, 0.0
3138, 0.0
3139, 0.0
3140, 0.0
3141, 0.0
3142, 0.0
3143, 0.0
3144, 0.0
3145, 0.0
3146, 0.0
3147, 0.0
3148, 0.0
3149, 0.0
3150, 0.0
3151, 0.0
3152, 0.0
3153, 0.0
3154, 0.0
3155, 0.0
3156, 0.0
3157, 0.0
3158, 0.0
3159, 0.0
3160, 0.0
3161, 0.0
3162, 0.0
3163, 0.0
3164, 0.0
3165, 0.0
3166, 0.0
3167, 0.0
3168, 0.0
3169, 0.0
3170, 0.0
3171, 0.0
3172, 0.0
3173, 0.0
3174, 0.0
3175, 0.0
3176, 0.0
3177, 0.0
3178, 0.0
3179, 0.0
3180, 0.0
3181, 0.0
3182, 0.0
3183, 0.0
3184, 0.0
3185, 0.0
3186, 0.0
3187, 0.0
3188, 0.0
3189, 0.0
3190, 0.0
3191, 0.0
3192, 0.0
3193, 0.0
3194, 0.0
3195, 0.0
3196, 0.0
3197, 0.0
3198, 0.0
3199, 0.0
3200, 0.0
3201, 0.0
3202, 0.0
3203, 0.0
3204, 0.0
3205, 0.0
3206, 0.0
3207, 0.0
3208, 0.0
3209, 0.0
3210, 0.0
3211, 0.0
3212, 0.0
3213, 0.0
3214, 0.0
3215, 0.0
3216, 0.0
3217, 0.0
3218, 0.0
3219, 0.0
3220, 0.0
3221, 0.0
3222, 0.0
3223, 0.0
3224, 0.0
3225, 0.0
3226, 0.0
3227, 0.0
3228, 0.0
3229, 0.0
3230, 0.0
3231, 0.0
3232, 0.0
3233, 0.0
3234, 0.0
3235, 0.0
3236, 0.0
3237, 0.0
3238, 0.0
3239, 0.0
3240, 0.0
3241, 0.0
3242, 0.0
3243, 0.0
3244, 0.0
3245, 0.0
3246, 0.0
3247, 0.0
3248, 0.0
3249, 0.0
3250, 0.0
3251, 0.0
3252, 0.0
3253, 0.0
3254, 0.0
3255, 0.0
3256, 0.0
3257, 0.0
3258, 0.0
3259, 0.0
3260, 0.0
3261, 0.0
3262, 0.0
3263, 0.0
3264, 0.0
3265, 0.0
3266, 0.0
3267, 0.0
3268, 0.0
3269, 0.0
3270, 0.0
3271, 0.0
3272, 0.0
3273, 0.0
3274, 0.0
3275, 0.0
3276, 0.0
3277, 0.0
3278, 0.0
3279, 0.0
3280, 0.0
3281, 0.0
3282, 0.0
3283, 0.0
3284, 0.0
3285, 0.0
3286, 0.0
3287, 0.0
3288, 0.0
3289, 0.0
3290, 0.0
3291, 0.0
3292, 0.0
3293, 0.0
3294, 0.0
3295, 0.0
3296, 0.0
3297, 0.0
3298, 0.0
3299, 0.0
3300, 0.0
3301, 0.0
3302, 0.0
3303, 0.0
3304, 0.0
3305, 0.0
3306, 0.0
3307, 0.0
3308, 0.0
3309, 0.0
3310, 0.0
3311, 0.0
3312, 0.0
3313, 0.0
3314, 0.0
3315, 0.0
3316, 0.0
3317, 0.0
3318, 0.0
3319, 0.0
3320, 0.0
3321, 0.0
3322, 0.0
3323, 0.0
3324, 0.0
3325, 0.0
3326, 0.0
3327, 0.0
3328, 0.0
3329, 0.0
3330, 0.0
3331, 0.0
3332, 0.0
3333, 0.0
3334, 0.0
3335, 0.0
3336, 0.0
3337, 0.0
3338, 0.0
3339, 0.0
3340, 0.0
3341, 0.0
3342, 0.0
3343, 0.0
3344, 0.0
3345, 0.0
3346, 0.0
3347, 0.0
3348, 0.0
3349, 0.0
3350, 0.0
3351, 0.0
3352, 0.0
3353, 0.0
3354, 0.0
3355, 0.0
3356, 0.0
3357, 0.0
3358, 0.0
3359, 0.0
3360, 0.0
3361, 0.0
3362, 0.0
3363, 0.0
3364, 0.0
3365, 0.0
3366, 0.0
3367, 0.0
3368, 0.0
3369, 0.0
3370, 0.0
3371, 0.0
3372, 0.0
3373, 0.0
3374, 0.0
3375, 0.0
3376, 0.0
3377, 0.0
3378, 0.0
3379, 0.0
3380, 0.0
3381, 0.0
3382, 0.0
3383, 0.0
3384, 0.0
3385, 0.0
3386, 0.0
3387, 0.0
3388, 0.0
3389, 0.0
3390, 0.0
3391, 0.0
3392, 0.0
3393, 0.0
3394, 0.0
3395, 0.0
3396, 0.0
3397, 0.0
3398, 0.0
3399, 0.0
3400, 0.0
3401, 0.0
3402, 0.0
3403, 0.0
3404, 0.0
3405, 0.0
3406, 0.0
3407, 0.0
3408, 0.0
3409, 0.0
3410, 0.0
3411, 0.0
3412, 0.0
3413, 0.0
3414, 0.0
3415, 0.0
3416, 0.0
3417, 0.0
3418, 0.0
3419, 0.0
3420, 0.0
3421, 0.0
3422, 0.0
3423, 0.0
3424, 0.0
3425, 0.0
3426, 0.0
3427, 0.0
3428, 0.0
3429, 0.0
3430, 0.0
3431, 0.0
3432, 0.0
3433, 0.0
3434, 0.0
3435, 0.0
3436, 0.0
3437, 0.0
3438, 0.0
3439, 0.0
3440, 0.0
3441, 0.0
3442, 0.0
3443, 0.0
3444, 0.0
3445, 0.0
3446, 0.0
3447, 0.0
3448, 0.0
3449, 0.0
3450, 0.0
3451, 0.0
3452, 0.0
3453, 0.0
3454, 0.0
3455, 0.0
3456, 0.0
3457, 0.0
3458, 0.0
3459, 0.0
3460, 0.0
3461, 0.0
3462, 0.0
3463, 0.0
3464, 0.0
3465, 0.0
3466, 0.0
3467, 0.0
3468, 0.0
3469, 0.0
3470, 0.0
3471, 0.0
3472, 0.0
3473, 0.0
3474, 0.0
3475, 0.0
3476, 0.0
3477, 0.0
3478, 0.0
3479, 0.0
3480, 0.0
3481, 0.0
3482, 0.0
3483, 0.0
3484, 0.0
3485, 0.0
3486, 0.0
3487, 0.0
3488, 0.0
3489, 0.0
3490, 0.0
3491, 0.0
3492, 0.0
3493, 0.0
3494, 0.0
3495, 0.0
3496, 0.0
3497, 0.0
3498, 0.0
3499, 0.0
3500, 0.0
3501, 0.0
3502, 0.0
3503, 0.0
3504, 0.0
3505, 0.0
3506, 0.0
3507, 0.0
3508, 0.0
3509, 0.0
3510, 0.0
3511, 0.0
3512, 0.0
3513, 0.0
3514, 0.0
3515, 0.0
3516, 0.0
3517, 0.0
3518, 0.0
3519, 0.0
3520, 0.0
3521, 0.0
3522, 0.0
3523, 0.0
3524, 0.0
3525, 0.0
3526, 0.0
3527, 0.0
3528, 0.0
3529, 0.0
3530, 0.0
3531, 0.0
3532, 0.0
3533, 0.0
3534, 0.0
3535, 0.0
3536, 0.0
3537, 0.0
3538, 0.0
3539, 0.0
3540, 0.0
3541, 0.0
3542, 0.0
3543, 0.0
3544, 0.0
3545, 0.0
3546, 0.0
3547, 0.0
3548, 0.0
3549, 0.0
3550, 0.0
3551, 0.0
3552, 0.0
3553, 0.0
3554, 0.0
3555, 0.0
3556, 0.0
3557, 0.0
3558, 0.0
3559, 0.0
3560, 0.0
3561, 0.0
3562, 0.0
3563, 0.0
3564, 0.0
3565, 0.0
3566, 0.0
3567, 0.0
3568, 0.0
3569, 0.0
3570, 0.0
3571, 0.0
3572, 0.0
3573, 0.0
3574, 0.0
3575, 0.0
3576, 0.0
3577, 0.0
3578, 0.0
3579, 0.0
3580, 0.0
3581, 0.0
3582, 0.0
3583, 0.0
3584, 0.0
3585, 0.0
3586, 0.0
3587, 0.0
3588, 0.0
3589, 0.0
3590, 0.0
3591, 0.0
3592, 0.0
3593, 0.0
3594, 0.0
3595, 0.0
3596, 0.0
3597, 0.0
3598, 0.0
3599, 0.0
3600, 0.0
3601, 0.0
3602, 0.0
3603, 0.0
3604, 0.0
3605, 0.0
3606, 0.0
3607, 0.0
3608, 0.0
3609, 0.0
3610, 0.0
3611, 0.0
3612, 0.0
3613, 0.0
3614, 0.0
3615, 0.0
3616, 0.0
3617, 0.0
3618, 0.0
3619, 0.0
3620, 0.0
3621, 0.0
3622, 0.0
3623, 0.0
3624, 0.0
3625, 0.0
3626, 0.0
3627, 0.0
3628, 0.0
3629, 0.0
3630, 0.0
3631, 0.0
3632, 0.0
3633, 0.0
3634, 0.0
3635, 0.0
3636, 0.0
3637, 0.0
3638, 0.0
3639, 0.0
3640, 0.0
3641, 0.0
3642, 0.0
3643, 0.0
3644, 0.0
3645, 0.0
3646, 0.0
3647, 0.0
3648, 0.0
3649, 0.0
3650, 0.0
3651, 0.0
3652, 0.0
3653, 0.0
3654, 0.0
3655, 0.0
3656, 0.0
3657, 0.0
3658, 0.0
3659, 0.0
3660, 0.0
3661, 0.0
3662, 0.0
3663, 0.0
3664, 0.0
3665, 0.0
3666, 0.0
3667, 0.0
3668, 0.0
3669, 0.0
3670, 0.0
3671, 0.0
3672, 0.0
3673, 0.0
3674, 0.0
3675, 0.0
3676, 0.0
3677, 0.0
3678, 0.0
3679, 0.0
3680, 0.0
3681, 0.0
3682, 0.0
3683, 0.0
3684, 0.0
3685, 0.0
3686, 0.0
3687, 0.0
3688, 0.0
3689, 0.0
3690, 0.0
3691, 0.0
3692, 0.0
3693, 0.0
3694, 0.0
3695, 0.0
3696, 0.0
3697, 0.0
3698, 0.0
3699, 0.0
3700, 0.0
3701, 0.0
3702, 0.0
3703, 0.0
3704, 0.0
3705, 0.0
3706, 0.0
3707, 0.0
3708, 0.0
3709, 0.0
3710, 0.0
3711, 0.0
3712, 0.0
3713, 0.0
3714, 0.0
3715, 0.0
3716, 0.0
3717, 0.0
3718, 0.0
3719, 0.0
3720, 0.0
3721, 0.0
3722, 0.0
3723, 0.0
3724, 0.0
3725, 0.0
3726, 0.0
3727, 0.0
3728, 0.0
3729, 0.0
3730, 0.0
3731, 0.0
3732, 0.0
3733, 0.0
3734, 0.0
3735, 0.0
3736, 0.0
3737, 0.0
3738, 0.0
3739, 0.0
3740, 0.0
3741, 0.0
3742, 0.0
3743, 0.0
3744, 0.0
3745, 0.0
3746, 0.0
3747, 0.0
3748, 0.0
3749, 0.0
3750, 0.0
3751, 0.0
3752, 0.0
3753, 0.0
3754, 0.0
3755, 0.0
3756, 0.0
3757, 0.0
3758, 0.0
3759, 0.0
3760, 0.0
3761, 0.0
3762, 0.0
3763, 0.0
3764, 0.0
3765, 0.0
3766, 0.0
3767, 0.0
3768, 0.0
3769, 0.0
3770, 0.0
3771, 0.0
3772, 0.0
3773, 0.0
3774, 0.0
3775, 0.0
3776, 0.0
3777, 0.0
3778, 0.0
3779, 0.0
3780, 0.0
3781, 0.0
3782, 0.0
3783, 0.0
3784, 0.0
3785, 0.0
3786, 0.0
3787, 0.0
3788, 0.0
3789, 0.0
3790, 0.0
3791, 0.0
3792, 0.0
3793, 0.0
3794, 0.0
3795, 0.0
3796, 0.0
3797, 0.0
3798, 0.0
3799, 0.0
3800, 0.0
3801, 0.0
3802, 0.0
3803, 0.0
3804, 0.0
3805, 0.0
3806, 0.0
3807, 0.0
3808, 0.0
3809, 0.0
3810, 0.0
3811, 0.0
3812, 0.0
3813, 0.0
3814, 0.0
3815, 0.0
3816, 0.0
3817, 0.0
3818, 0.0
3819, 0.0
3820, 0.0
3821, 0.0
3822, 0.0
3823, 0.0
3824, 0.0
3825, 0.0
3826, 0.0
3827, 0.0
3828, 0.0
3829, 0.0
3830, 0.0
3831, 0.0
3832, 0.0
3833, 0.0
3834, 0.0
3835, 0.0
3836, 0.0
3837, 0.0
3838, 0.0
3839, 0.0
3840, 0.0
3841, 0.0
3842, 0.0
3843, 0.0
3844, 0.0
3845, 0.0
3846, 0.0
3847, 0.0
3848, 0.0
3849, 0.0
3850, 0.0
3851, 0.0
3852, 0.0
3853, 0.0
3854, 0.0
3855, 0.0
3856, 0.0
3857, 0.0
3858, 0.0
3859, 0.0
3860, 0.0
3861, 0.0
3862, 0.0
3863, 0.0
3864, 0.0
3865, 0.0
3866, 0.0
3867, 0.0
3868, 0.0
3869, 0.0
3870, 0.0
3871, 0.0
3872, 0.0
3873, 0.0
3874, 0.0
3875, 0.0
3876, 0.0
3877, 0.0
3878, 0.0
3879, 0.0
3880, 0.0
3881, 0.0
3882, 0.0
3883, 0.0
3884, 0.0
3885, 0.0
3886, 0.0
3887, 0.0
3888, 0.0
3889, 0.0
3890, 0.0
3891, 0.0
3892, 0.0
3893, 0.0
3894, 0.0
3895, 0.0
3896, 0.0
3897, 0.0
3898, 0.0
3899, 0.0
3900, 0.0
3901, 0.0
3902, 0.0
3903, 0.0
3904, 0.0
3905, 0.0
3906, 0.0
3907, 0.0
3908, 0.0
3909, 0.0
3910, 0.0
3911, 0.0
3912, 0.0
3913, 0.0
3914, 0.0
3915, 0.0
3916, 0.0
3917, 0.0
3918, 0.0
3919, 0.0
3920, 0.0
3921, 0.0
3922, 0.0
3923, 0.0
3924, 0.0
3925, 0.0
3926, 0.0
3927, 0.0
3928, 0.0
3929, 0.0
3930, 0.0
3931, 0.0
3932, 0.0
3933, 0.0
3934, 0.0
3935, 0.0
3936, 0.0
3937, 0.0
3938, 0.0
3939, 0.0
3940, 0.0
3941, 0.0
3942, 0.0
3943, 0.0
3944, 0.0
3945, 0.0
3946, 0.0
3947, 0.0
3948, 0.0
3949, 0.0
3950, 0.0
3951, 0.0
3952, 0.0
3953, 0.0
3954, 0.0
3955, 0.0
3956, 0.0
3957, 0.0
3958, 0.0
3959, 0.0
3960, 0.0
3961, 0.0
3962, 0.0
3963, 0.0
3964, 0.0
3965, 0.0
3966, 0.0
3967, 0.0
3968, 0.0
3969, 0.0
3970, 0.0
3971, 0.0
3972, 0.0
3973, 0.0
3974, 0.0
3975, 0.0
3976, 0.0
3977, 0.0
3978, 0.0
3979, 0.0
3980, 0.0
3981, 0.0
3982, 0.0
3983, 0.0
3984, 0.0
3985, 0.0
3986, 0.0
3987, 0.0
3988, 0.0
3989, 0.0
3990, 0.0
3991, 0.0
3992, 0.0
3993, 0.0
3994, 0.0
3995, 0.0
3996, 0.0
3997, 0.0
3998, 0.0
3999, 0.0
