,qpaint_bins,qpaint_measured,qpaint_model,lbfcs_bins,lbfcs_measured,lbfcs_model
0,7406.4892578125,0.00025,0.000110146815,8756.837890625,0.00025,0.00013941825
1,7412.269646644592,0.0,0.0001138042,8769.102938461303,0.0,0.0001493732
2,7418.050035476685,0.0,0.00011843354,8781.367986297608,0.0,0.0001607136
3,7423.830424308777,0.0,0.00012426537,8793.63303413391,0.00025,0.00017338061
4,7429.610813140869,0.0,0.00013157139,8805.898081970216,0.0,0.00018718984
5,7435.391201972961,0.0,0.00014068937,8818.163129806519,0.0,0.00020191063
6,7441.171590805054,0.0,0.0001520004,8830.428177642822,0.0,0.00021720595
7,7446.951979637146,0.0,0.00016595662,8842.693225479126,0.0,0.00023264237
8,7452.732368469238,0.0,0.00018311208,8854.95827331543,0.00025,0.0002477671
9,7458.512757301331,0.0,0.00020405867,8867.223321151734,0.0,0.00026201166
10,7464.293146133423,0.00025,0.00022955879,8879.488368988037,0.0,0.00027487768
11,7470.073534965515,0.00025,0.00026034834,8891.75341682434,0.0,0.0002858532
12,7475.853923797607,0.00025,0.0002974401,8904.018464660645,0.0,0.0002944257
13,7481.6343126297,0.0,0.00034180153,8916.283512496948,0.0005,0.00030027665
14,7487.414701461792,0.0005,0.00039470376,8928.548560333253,0.00025,0.00030310158
15,7493.195090293884,0.0,0.00045725206,8940.813608169556,0.0,0.00030281476
16,7498.975479125977,0.00025,0.0005310552,8953.078656005859,0.0,0.00029936896
17,7504.755867958069,0.0005,0.0006174704,8965.343703842163,0.0,0.0002929724
18,7510.536256790161,0.00025,0.0007183274,8977.608751678466,0.0,0.00028391017
19,7516.316645622253,0.00025,0.0008352313,8989.873799514771,0.0005,0.00027252882
20,7522.097034454346,0.0007499999999999999,0.0009699774,9002.138847351074,0.00025,0.00025936632
21,7527.877423286438,0.001,0.0011247172,9014.403895187377,0.0,0.00024488228
22,7533.65781211853,0.0017500000000000003,0.0013010441,9026.668943023682,0.0,0.00022967414
23,7539.438200950623,0.0017500000000000003,0.0015014526,9038.933990859985,0.0,0.00021423616
24,7545.218589782715,0.0007499999999999999,0.0017270151,9051.19903869629,0.00025,0.00019901486
25,7550.998978614807,0.00275,0.0019804926,9063.464086532593,0.0,0.00018445222
26,7556.779367446899,0.0012499999999999998,0.0022628536,9075.729134368896,0.0,0.00017083532
27,7562.559756278992,0.0024999999999999996,0.0025766504,9087.9941822052,0.0,0.000158419
28,7568.340145111084,0.0029999999999999996,0.0029216441,9100.259230041504,0.0,0.00014734408
29,7574.120533943176,0.0045,0.0033004978,9112.524277877808,0.0,0.00013765912
30,7579.900922775269,0.00375,0.0037125794,9124.789325714111,0.0,0.00012937901
31,7585.681311607361,0.00375,0.004159381,9137.054373550414,0.0,0.00012242343
32,7591.461700439453,0.005750000000000001,0.0046397313,9149.31942138672,0.0,0.00011669992
33,7597.242089271545,0.0032500000000000003,0.0051526832,9161.584469223022,0.00025,0.000112076836
34,7603.022478103638,0.0062499999999999995,0.005698385,9173.849517059327,0.0,0.000108407425
35,7608.80286693573,0.006500000000000001,0.0062734764,9186.11456489563,0.0,0.00010555087
36,7614.583255767822,0.0045,0.0068758605,9198.379612731933,0.0,0.00010336364
37,7620.363644599915,0.008,0.0075016036,9210.644660568238,0.0,0.00010172006
38,7626.144033432007,0.0075,0.008148801,9222.90970840454,0.0,0.000100505604
39,7631.924422264099,0.009999999999999998,0.008810201,9235.174756240845,0.0,9.962309e-05
40,7637.704811096191,0.009999999999999998,0.009484507,9247.439804077148,0.0,9.899341e-05
41,7643.485199928284,0.01225,0.0101601975,9259.704851913451,0.0,9.855141e-05
42,7649.265588760376,0.011749999999999998,0.010837038,9271.969899749756,0.0,9.8246244e-05
43,7655.045977592468,0.01125,0.011503942,9284.23494758606,0.0,9.8039e-05
44,7660.826366424561,0.011,0.012157849,9296.499995422364,0.0,9.790067e-05
45,7666.606755256653,0.0135,0.012788705,9308.765043258667,0.0,9.780994e-05
46,7672.387144088745,0.014249999999999999,0.0133889895,9321.03009109497,0.0,9.775119e-05
47,7678.167532920837,0.011749999999999998,0.013955242,9333.295138931275,0.0,9.7714e-05
48,7683.94792175293,0.0175,0.014476946,9345.560186767578,0.0,9.76907e-05
49,7689.728310585022,0.018,0.014948708,9357.825234603883,0.0,9.767632e-05
50,7695.508699417114,0.014499999999999999,0.01536292,9370.090282440186,0.0,9.7667646e-05
51,7701.2890882492065,0.014750000000000001,0.01571837,9382.355330276489,0.0,9.766244e-05
52,7707.069477081299,0.0175,0.016006093,9394.620378112793,0.0,9.765947e-05
53,7712.849865913391,0.0155,0.016223522,9406.885425949096,0.0,9.765773e-05
54,7718.630254745483,0.0195,0.016366152,9419.150473785401,0.0,9.765674e-05
55,7724.410643577576,0.01575,0.016436486,9431.415521621704,0.0,9.7656e-05
56,7730.191032409668,0.015,0.016427593,9443.680569458007,0.0,9.7656e-05
57,7735.97142124176,0.0195,0.016346993,9455.945617294312,0.0,9.76555e-05
58,7741.7518100738525,0.013250000000000001,0.016185507,9468.210665130615,0.0,9.765576e-05
59,7747.532198905945,0.0195,0.01595417,9480.47571296692,0.0,9.7655524e-05
60,7753.312587738037,0.013000000000000001,0.015654769,9492.740760803223,0.0,9.7655546e-05
61,7759.092976570129,0.0155,0.015288338,9505.005808639526,0.0,9.76556e-05
62,7764.873365402222,0.01525,0.014861341,9517.27085647583,0.0,9.765568e-05
63,7770.653754234314,0.015,0.014378133,9529.535904312133,0.0,9.765583e-05
64,7776.434143066406,0.010750000000000001,0.013848859,9541.800952148438,0.0,9.76561e-05
65,7782.2145318984985,0.01375,0.013276125,9554.065999984741,0.0,9.765658e-05
66,7787.994920730591,0.011,0.012668358,9566.331047821044,0.0,9.765743e-05
67,7793.775309562683,0.011999999999999999,0.012031629,9578.596095657349,0.0,9.765889e-05
68,7799.555698394775,0.011,0.011376294,9590.861143493652,0.0,9.76614e-05
69,7805.336087226868,0.00875,0.010706318,9603.126191329957,0.0,9.766564e-05
70,7811.11647605896,0.014249999999999999,0.010029521,9615.39123916626,0.0,9.7672695e-05
71,7816.896864891052,0.011,0.009351725,9627.656287002563,0.0,9.768432e-05
72,7822.6772537231445,0.0072499999999999995,0.008680784,9639.921334838868,0.0,9.770323e-05
73,7828.457642555237,0.005750000000000001,0.0080220215,9652.18638267517,0.0,9.773359e-05
74,7834.238031387329,0.007000000000000001,0.0073790075,9664.451430511475,0.0,9.7781725e-05
75,7840.018420219421,0.00475,0.006756992,9676.716478347778,0.0,9.785704e-05
76,7845.798809051514,0.0062499999999999995,0.006159152,9688.981526184081,0.0,9.797343e-05
77,7851.579197883606,0.00775,0.0055902028,9701.246574020386,0.0,9.8151046e-05
78,7857.359586715698,0.00525,0.0050510364,9713.511621856689,0.0,9.841851e-05
79,7863.1399755477905,0.00375,0.0045438674,9725.776669692994,0.0,9.881633e-05
80,7868.920364379883,0.0062499999999999995,0.0040697306,9738.041717529297,0.0,9.939999e-05
81,7874.700753211975,0.004999999999999999,0.003630234,9750.3067653656,0.0,0.000100246
82,7880.481142044067,0.0029999999999999996,0.003224413,9762.571813201905,0.0,0.000101455276
83,7886.26153087616,0.0024999999999999996,0.0028522676,9774.836861038208,0.0,0.00010316235
84,7892.041919708252,0.002,0.0025129407,9787.101908874512,0.0,0.00010554093
85,7897.822308540344,0.0032500000000000003,0.0022056825,9799.366956710815,0.0,0.000108808505
86,7903.6026973724365,0.001,0.0019292784,9811.632004547118,0.0,0.000113244074
87,7909.383086204529,0.002,0.0016811218,9823.897052383423,0.0,0.00011917667
88,7915.163475036621,0.0012499999999999998,0.0014605343,9836.162100219726,0.0005,0.00012701147
89,7920.943863868713,0.0007499999999999999,0.0012650162,9848.427148056031,0.0,0.00013722005
90,7926.724252700806,0.0005,0.0010931743,9860.692195892334,0.0,0.00015032728
91,7932.504641532898,0.0005,0.0009423306,9872.957243728637,0.00025,0.00016694402
92,7938.28503036499,0.0012499999999999998,0.0008111995,9885.222291564942,0.0,0.00018768937
93,7944.0654191970825,0.0007499999999999999,0.00069749524,9897.487339401245,0.0,0.00021324056
94,7949.845808029175,0.00025,0.00059968256,9909.75238723755,0.00025,0.0002442818
95,7955.626196861267,0.0,0.0005157972,9922.017435073853,0.0,0.0002813811
96,7961.406585693359,0.00025,0.0004443036,9934.282482910156,0.0,0.00032513303
97,7967.186974525452,0.0,0.0003836661,9946.54753074646,0.0007500000000000001,0.00037586287
98,7972.967363357544,0.00025,0.0003325635,9958.812578582763,0.0,0.00043383436
99,7978.747752189636,0.0,0.00028974592,9971.077626419068,0.00025,0.0004990304
100,7984.5281410217285,0.0,0.00025389195,9983.342674255371,0.0005,0.0005710158
101,7990.308529853821,0.0,0.00022421601,9995.607722091674,0.0007499999999999999,0.0006492569
102,7996.088918685913,0.00025,0.0001996825,10007.872769927979,0.0005,0.0007326329
103,8001.869307518005,0.0,0.00017950572,10020.137817764282,0.0007499999999999999,0.0008199029
104,8007.649696350098,0.0,0.00016300718,10032.402865600587,0.0005,0.0009091306
105,8013.43008518219,0.0,0.00014961552,10044.66791343689,0.0005,0.000998474
106,8019.210474014282,0.0,0.00013875935,10056.932961273193,0.00175,0.0010856988
107,8024.9908628463745,0.0,0.00013004584,10069.198009109497,0.001,0.0011681318
108,8030.771251678467,0.0,0.00012301074,10081.4630569458,0.001,0.0012436166
109,8036.551640510559,0.0,0.00011743982,10093.728104782105,0.0005,0.0013095462
110,8042.332029342651,0.0,0.00011304736,10105.993152618408,0.0007500000000000001,0.0013638816
111,8048.112418174744,0.0,0.00010951195,10118.258200454711,0.00025,0.0014048357
112,8053.892807006836,0.0,0.00010679792,10130.523248291016,0.00175,0.0014306272
113,8059.673195838928,0.0,0.00010465525,10142.788296127319,0.0005,0.0014407875
114,8065.4535846710205,0.0,0.000102976825,10155.053343963624,0.001,0.001434491
115,8071.233973503113,0.0,0.00010172694,10167.318391799927,0.00175,0.0014123145
116,8077.014362335205,0.0,0.000100691315,10179.58343963623,0.0005,0.0013749854
117,8082.794751167297,0.0,9.994138e-05,10191.848487472535,0.00025,0.0013236633
118,8088.57513999939,0.0,9.937e-05,10204.113535308838,0.00125,0.0012603769
119,8094.355528831482,0.0,9.894147e-05,10216.378583145142,0.00125,0.0011868874
120,8100.135917663574,0.0,9.8620076e-05,10228.643630981445,0.00125,0.0011058436
121,8105.9163064956665,0.0,9.833438e-05,10240.908678817748,0.0007499999999999999,0.0010196642
122,8111.696695327759,0.0,9.819154e-05,10253.173726654053,0.00025,0.00093055196
123,8117.477084159851,0.0,9.8012984e-05,10265.438774490356,0.00025,0.0008410877
124,8123.257472991943,0.0,9.7941556e-05,10277.70382232666,0.0,0.00075318204
125,8129.037861824036,0.0,9.7834425e-05,10289.968870162964,0.0007500000000000001,0.0006687821
126,8134.818250656128,0.0,9.7798715e-05,10302.233917999267,0.00025,0.000589171
127,8140.59863948822,0.0,9.7763004e-05,10314.498965835572,0.00025,0.00051559956
128,8146.3790283203125,0.0,9.7727294e-05,10326.764013671875,0.0,0.0004487857
129,8152.159417152405,0.0,9.7727294e-05,10339.02906150818,0.0005,0.00038905416
130,8157.939805984497,0.0,9.769158e-05,10351.294109344482,0.0,0.00033659805
131,8163.720194816589,0.0,9.765587e-05,10363.559157180785,0.0,0.00029121147
132,8169.500583648682,0.0,9.769158e-05,10375.82420501709,0.0,0.00025256263
133,8175.280972480774,0.0,9.765587e-05,10388.089252853393,0.0,0.00022014836
134,8181.061361312866,0.0,9.765587e-05,10400.354300689698,0.00025,0.00019333242
135,8186.8417501449585,0.0,9.769158e-05,10412.619348526001,0.0,0.0001715005
136,8192.62213897705,0.0,9.765587e-05,10424.884396362304,0.0,0.00015395439
137,8198.402527809143,0.0,9.765587e-05,10437.149444198609,0.0,0.00014006332
138,8204.182916641235,0.0,9.765587e-05,10449.414492034912,0.0,0.00012921663
139,8209.963305473328,0.0,9.765587e-05,10461.679539871217,0.0,0.000120860124
140,8215.74369430542,0.0,9.765587e-05,10473.94458770752,0.0,0.000114510716
141,8221.524083137512,0.0,9.765587e-05,10486.209635543823,0.0,0.00010975093
142,8227.304471969604,0.0,9.765587e-05,10498.474683380127,0.0,0.000106230764
143,8233.084860801697,0.0,9.765587e-05,10510.73973121643,0.0,0.000103664024
144,8238.865249633789,0.0,9.765587e-05,10523.004779052735,0.0,0.000101811886
145,8244.645638465881,0.0,9.765587e-05,10535.269826889038,0.0,0.00010049751
146,8250.426027297974,0.0,9.765587e-05,10547.534874725341,0.0,9.957328e-05
147,8256.206416130066,0.0,9.765587e-05,10559.799922561646,0.0,9.893705e-05
148,8261.986804962158,0.0,9.765587e-05,10572.064970397949,0.0,9.849955e-05
149,8267.76719379425,0.0,9.765587e-05,10584.330018234254,0.0,9.820605e-05
150,8273.547582626343,0.0,9.765587e-05,10596.595066070557,0.0,9.800918e-05
151,8279.327971458435,0.0,9.765587e-05,10608.86011390686,0.0,9.788158e-05
152,8285.108360290527,0.0,9.765587e-05,10621.125161743164,0.0,9.7795935e-05
153,8290.88874912262,0.0,9.765588e-05,10633.390209579467,0.0,9.774312e-05
154,8296.669137954712,0.0,9.765588e-05,10645.655257415772,0.0,9.771041e-05
155,8302.449526786804,0.0,9.765588e-05,10657.920305252075,0.0,9.7686876e-05
156,8308.229915618896,0.0,9.765588e-05,10670.185353088378,0.0,9.7676224e-05
157,8314.010304450989,0.0,9.765589e-05,10682.450400924683,0.0,9.766761e-05
158,8319.790693283081,0.0,9.7655895e-05,10694.715448760986,0.0,9.7664815e-05
159,8325.571082115173,0.0,9.765591e-05,10706.98049659729,0.0,9.7662596e-05
160,8331.351470947266,0.0,9.7655924e-05,10719.245544433594,0.0,9.766315e-05
161,8337.131859779358,0.0,9.765594e-05,10731.510592269897,0.0,9.7667056e-05
162,8342.91224861145,0.0,9.7655975e-05,10743.775640106202,0.0,9.767342e-05
163,8348.692637443542,0.0,9.765601e-05,10756.040687942505,0.0,9.768187e-05
164,8354.473026275635,0.0,9.765608e-05,10768.30573577881,0.0,9.769826e-05
165,8360.253415107727,0.0,9.765616e-05,10780.570783615112,0.0,9.7724165e-05
166,8366.03380393982,0.0,9.765627e-05,10792.835831451415,0.0,9.776464e-05
167,8371.814192771912,0.0,9.765643e-05,10805.10087928772,0.0,9.782727e-05
168,8377.594581604004,0.0,9.765665e-05,10817.365927124023,0.0,9.792311e-05
169,8383.374970436096,0.0,9.765696e-05,10829.630974960328,0.0,9.806833e-05
170,8389.155359268188,0.0,9.7657365e-05,10841.89602279663,0.0,9.828594e-05
171,8394.93574810028,0.0,9.765793e-05,10854.161070632934,0.0,9.86087e-05
172,8400.716136932373,0.0,9.76587e-05,10866.426118469239,0.0,9.908254e-05
173,8406.496525764465,0.0,9.765975e-05,10878.691166305542,0.0,9.977029e-05
174,8412.276914596558,0.0,9.766116e-05,10890.956214141846,0.0,0.00010075882
175,8418.05730342865,0.0,9.766306e-05,10903.22126197815,0.0,0.00010216334
176,8423.837692260742,0.0,9.7665616e-05,10915.486309814452,0.0,0.000104138824
177,8429.618081092834,0.0,9.766903e-05,10927.751357650757,0.0,0.000106887666
178,8435.398469924927,0.0,9.7673576e-05,10940.01640548706,0.0,0.00011067009
179,8441.178858757019,0.0,9.7679615e-05,10952.281453323365,0.0,0.000115822004
180,8446.959247589111,0.0,9.76876e-05,10964.546501159668,0.0,0.00012275665
181,8452.739636421204,0.0,9.769815e-05,10976.811548995971,0.0,0.0001319957
182,8458.520025253296,0.0,9.771198e-05,10989.076596832276,0.00025,0.00014417263
183,8464.300414085388,0.0,9.7730095e-05,11001.341644668579,0.0,0.00016002958
184,8470.08080291748,0.0,9.775372e-05,11013.606692504884,0.0,0.00018046964
185,8475.861191749573,0.0,9.778445e-05,11025.871740341187,0.00025,0.00020650425
186,8481.641580581665,0.0,9.78242e-05,11038.13678817749,0.00025,0.00023930533
187,8487.421969413757,0.0,9.787554e-05,11050.401836013794,0.0,0.00028017376
188,8493.20235824585,0.0,9.794152e-05,11062.666883850097,0.00025,0.00033045257
189,8498.982747077942,0.0,9.80261e-05,11074.931931686402,0.0005,0.0003916785
190,8504.763135910034,0.0,9.813411e-05,11087.196979522705,0.0005,0.00046524487
191,8510.543524742126,0.0,9.8271325e-05,11099.462027359008,0.00025,0.00055272685
192,8516.323913574219,0.0,9.8445424e-05,11111.727075195313,0.0,0.00065529504
193,8522.104302406311,0.0,9.866512e-05,11123.992123031616,0.0005,0.00077429524
194,8527.884691238403,0.0,9.8941775e-05,11136.25717086792,0.00125,0.0009105639
195,8533.665080070496,0.0,9.928837e-05,11148.522218704224,0.0005,0.0010643858
196,8539.445468902588,0.0,9.9721714e-05,11160.787266540527,0.0005,0.0012360711
197,8545.22585773468,0.0,0.0001002606,11173.052314376831,0.0005,0.0014246779
198,8551.006246566772,0.0,0.00010093017,11185.317362213134,0.0007499999999999999,0.001629257
199,8556.786635398865,0.0,0.00010175555,11197.58241004944,0.00175,0.0018479456
200,8562.567024230957,0.0,0.00010277315,11209.847457885742,0.002,0.0020775215
201,8568.34741306305,0.0,0.00010402038,11222.112505722045,0.00175,0.0023154898
202,8574.127801895142,0.0,0.00010554513,11234.37755355835,0.0022500000000000003,0.0025568127
203,8579.908190727234,0.0,0.00010740295,11246.642601394653,0.0027500000000000003,0.0027974888
204,8585.688579559326,0.0,0.00010965472,11258.907649230958,0.0030000000000000005,0.0030324766
205,8591.468968391418,0.0,0.000112378955,11271.17269706726,0.00175,0.0032556283
206,8597.24935722351,0.0,0.00011565667,11283.437744903564,0.00225,0.0034624983
207,8603.029746055603,0.0,0.00011959745,11295.702792739869,0.004,0.0036466348
208,8608.810134887695,0.0,0.00012429466,11307.967840576172,0.004,0.003803741
209,8614.590523719788,0.0,0.00012989841,11320.232888412476,0.0030000000000000005,0.003929962
210,8620.37091255188,0.0005,0.00013654033,11332.49793624878,0.0035,0.004020189
211,8626.151301383972,0.00025,0.00014439895,11344.762984085082,0.005,0.004073275
212,8631.931690216064,0.0,0.00015364353,11357.028031921387,0.0025,0.0040862905
213,8637.712079048157,0.0,0.0001644994,11369.29307975769,0.0045,0.004060202
214,8643.492467880249,0.0,0.00017717337,11381.558127593995,0.0045000000000000005,0.003994431
215,8649.272856712341,0.0,0.0001919533,11393.823175430298,0.004,0.0038919535
216,8655.053245544434,0.0,0.00020906879,11406.0882232666,0.0035,0.003755554
217,8660.833634376526,0.0005,0.00022883894,11418.353271102906,0.0025,0.0035886648
218,8666.614023208618,0.0005,0.00025161784,11430.618318939209,0.0014999999999999998,0.0033966554
219,8672.39441204071,0.0,0.0002777012,11442.883366775513,0.0022500000000000003,0.0031836443
220,8678.174800872803,0.00025,0.00030752426,11455.148414611816,0.00175,0.0029559124
221,8683.955189704895,0.0005,0.00034140403,11467.41346244812,0.0029999999999999996,0.0027188656
222,8689.735578536987,0.0,0.00037984017,11479.678510284424,0.0022500000000000003,0.0024771343
223,8695.51596736908,0.00025,0.00042315907,11491.943558120727,0.004,0.002236482
224,8701.296356201172,0.0,0.00047198692,11504.208605957032,0.00125,0.0020008776
225,8707.076745033264,0.0005,0.0005264361,11516.473653793335,0.0015000000000000002,0.0017744448
226,8712.857133865356,0.0007499999999999999,0.0005872936,11528.738701629638,0.00125,0.0015603666
227,8718.637522697449,0.0005,0.0006547847,11541.003749465943,0.00125,0.001360705
228,8724.417911529541,0.0,0.00072945986,11553.268797302246,0.001,0.0011776292
229,8730.198300361633,0.0005,0.0008117697,11565.53384513855,0.00025,0.0010117412
230,8735.978689193726,0.001,0.0009018928,11577.798892974854,0.001,0.0008637085
231,8741.759078025818,0.0005,0.0010004669,11590.063940811156,0.00025,0.0007332806
232,8747.53946685791,0.0012499999999999998,0.0011076675,11602.328988647461,0.0007500000000000001,0.0006197723
233,8753.319855690002,0.0007499999999999999,0.0012235278,11614.594036483764,0.00025,0.0005223075
234,8759.100244522095,0.001,0.0013483779,11626.859084320069,0.00025,0.00043955114
235,8764.880633354187,0.0007499999999999999,0.0014825825,11639.124132156372,0.0005,0.000370228
236,8770.66102218628,0.0029999999999999996,0.0016256616,11651.389179992675,0.0,0.00031275867
237,8776.441411018372,0.0014999999999999998,0.0017780826,11663.65422782898,0.00025,0.00026573072
238,8782.221799850464,0.00225,0.001939034,11675.919275665283,0.00025,0.00022769002
239,8788.002188682556,0.0029999999999999996,0.002108904,11688.184323501588,0.0,0.00019724197
240,8793.782577514648,0.0017500000000000003,0.0022865164,11700.44937133789,0.0,0.00017317673
241,8799.56296634674,0.00375,0.0024723352,11712.714419174194,0.0,0.00015435007
242,8805.343355178833,0.0042499999999999994,0.0026644408,11724.979467010498,0.0,0.00013979054
243,8811.123744010925,0.00225,0.0028625708,11737.244514846801,0.0,0.0001286638
244,8816.904132843018,0.00275,0.0030663873,11749.509562683106,0.0,0.00012024874
245,8822.68452167511,0.00375,0.0032737406,11761.77461051941,0.0,0.000113949376
246,8828.464910507202,0.0045,0.0034845683,11774.039658355712,0.0,0.000109288965
247,8834.245299339294,0.004,0.0036964167,11786.304706192017,0.0,0.00010588607
248,8840.025688171387,0.00475,0.003909156,11798.56975402832,0.0,0.000103412975
249,8845.806077003479,0.006500000000000001,0.0041206763,11810.834801864625,0.0,0.000101649195
250,8851.586465835571,0.0045,0.004328632,11823.099849700928,0.0,0.00010039217
251,8857.366854667664,0.0045,0.0045321514,11835.36489753723,0.0,9.9516874e-05
252,8863.147243499756,0.00525,0.00473041,11847.629945373536,0.0,9.8910255e-05
253,8868.927632331848,0.004999999999999999,0.00492011,11859.894993209839,0.0,9.849514e-05
254,8874.70802116394,0.005999999999999999,0.005100893,11872.160041046143,0.0,9.821237e-05
255,8880.488409996033,0.0062499999999999995,0.0052711824,11884.425088882446,0.0,9.80269e-05
256,8886.268798828125,0.005750000000000001,0.005428011,11896.69013671875,0.0,9.7910015e-05
257,8892.049187660217,0.009250000000000001,0.005571839,11908.955184555054,0.0,9.783949e-05
258,8897.82957649231,0.008,0.005700348,11921.220232391357,0.0,9.780584e-05
259,8903.609965324402,0.007000000000000001,0.005811228,11933.485280227662,0.0,9.779478e-05
260,8909.390354156494,0.00775,0.005904388,11945.750328063965,0.0,9.782951e-05
261,8915.170742988586,0.0075,0.005979973,11958.015375900268,0.0,9.7875934e-05
262,8920.951131820679,0.005750000000000001,0.0060350993,11970.280423736573,0.0,9.798098e-05
263,8926.731520652771,0.0072499999999999995,0.006071358,11982.545471572876,0.0,9.812452e-05
264,8932.511909484863,0.006500000000000001,0.0060862103,11994.81051940918,0.0,9.8352706e-05
265,8938.292298316956,0.009250000000000001,0.0060816677,12007.075567245483,0.0,9.867871e-05
266,8944.072687149048,0.008,0.0060567046,12019.340615081786,0.0,9.916297e-05
267,8949.85307598114,0.007000000000000001,0.0060099447,12031.605662918091,0.0,9.984058e-05
268,8955.633464813232,0.00525,0.005945121,12043.870710754394,0.0,0.00010080785
269,8961.413853645325,0.008,0.005860183,12056.135758590699,0.0,0.000102164806
270,8967.194242477417,0.0072499999999999995,0.0057581128,12068.400806427002,0.0,0.000104052444
271,8972.97463130951,0.00675,0.005637841,12080.665854263305,0.0,0.00010665139
272,8978.755020141602,0.0072499999999999995,0.005502594,12092.93090209961,0.0,0.000110201196
273,8984.535408973694,0.008,0.0053516543,12105.195949935913,0.0,0.00011500036
274,8990.315797805786,0.00525,0.0051884158,12117.460997772218,0.0,0.0001214338
275,8996.096186637878,0.0055,0.005013385,12129.72604560852,0.0,0.00012998036
276,9001.87657546997,0.0045,0.004827279,12141.991093444823,0.0,0.00014121858
277,9007.656964302063,0.0045,0.004632669,12154.256141281128,0.0,0.00015587341
278,9013.437353134155,0.005750000000000001,0.0044320477,12166.521189117431,0.0,0.00017479193
279,9019.217741966248,0.006500000000000001,0.004225339,12178.786236953736,0.0,0.0001990054
280,9024.99813079834,0.0042499999999999994,0.00401583,12191.051284790039,0.0,0.0002296674
281,9030.778519630432,0.0062499999999999995,0.0038035226,12203.316332626342,0.00025,0.00026816083
282,9036.558908462524,0.0042499999999999994,0.0035910776,12215.581380462647,0.0,0.0003160329
283,9042.339297294617,0.00375,0.0033804527,12227.84642829895,0.0,0.0003749262
284,9048.119686126709,0.0042499999999999994,0.0031702865,12240.111476135255,0.0005,0.00044675983
285,9053.900074958801,0.0017500000000000003,0.0029648012,12252.376523971558,0.0005,0.0005334423
286,9059.680463790894,0.0032500000000000003,0.0027634609,12264.64157180786,0.0007499999999999999,0.0006370522
287,9065.460852622986,0.0024999999999999996,0.0025682237,12276.906619644165,0.0005,0.00075970305
288,9071.241241455078,0.00475,0.0023790437,12289.171667480468,0.0007499999999999999,0.0009032104
289,9077.02163028717,0.0032500000000000003,0.0021975266,12301.436715316773,0.0005,0.0010696836
290,9082.802019119263,0.0029999999999999996,0.0020235202,12313.701763153076,0.0005,0.0012604103
291,9088.582407951355,0.0017500000000000003,0.0018583394,12325.96681098938,0.00025,0.0014768802
292,9094.362796783447,0.00225,0.0017014184,12338.231858825684,0.001,0.0017198545
293,9100.14318561554,0.0017500000000000003,0.001553461,12350.496906661987,0.00125,0.0019892908
294,9105.923574447632,0.0017500000000000003,0.0014149258,12362.761954498292,0.0035,0.00228507
295,9111.703963279724,0.0014999999999999998,0.0012852469,12375.027002334595,0.0022500000000000003,0.0026052191
296,9117.484352111816,0.0012499999999999998,0.0011648833,12387.292050170898,0.00325,0.0029480716
297,9123.264740943909,0.001,0.0010532689,12399.557098007203,0.0035,0.0033106369
298,9129.045129776001,0.0012499999999999998,0.0009505568,12411.822145843505,0.0027500000000000003,0.00368798
299,9134.825518608093,0.0007499999999999999,0.0008561503,12424.08719367981,0.0037499999999999994,0.004076142
300,9140.605907440186,0.0007499999999999999,0.00077012595,12436.352241516113,0.0045000000000000005,0.004468503
301,9146.386296272278,0.0007499999999999999,0.0006914896,12448.617289352416,0.00225,0.004859471
302,9152.16668510437,0.0005,0.00062045536,12460.882337188721,0.0045000000000000005,0.005240546
303,9157.947073936462,0.0,0.00055625837,12473.147385025024,0.0052499999999999995,0.005605466
304,9163.727462768555,0.0007499999999999999,0.00049865386,12485.412432861329,0.00475,0.005946813
305,9169.507851600647,0.00025,0.0004470149,12497.677480697632,0.00525,0.0062555615
306,9175.28824043274,0.0,0.00040103533,12509.942528533935,0.007,0.0065267477
307,9181.068629264832,0.001,0.0003601799,12522.20757637024,0.005,0.0067515383
308,9186.849018096924,0.001,0.0003240968,12534.472624206543,0.0052499999999999995,0.006926967
309,9192.629406929016,0.00025,0.00029223537,12546.737672042847,0.0062499999999999995,0.0070478944
310,9198.409795761108,0.00025,0.00026432032,12559.00271987915,0.007499999999999999,0.0071097906
311,9204.1901845932,0.0005,0.00023992329,12571.267767715453,0.007,0.007113463
312,9209.970573425293,0.00025,0.00021867726,12583.532815551758,0.00725,0.007056398
313,9215.750962257385,0.0,0.00020026095,12595.797863388061,0.005,0.0069418936
314,9221.531351089478,0.0,0.00018433789,12608.062911224366,0.00725,0.0067727747
315,9227.31173992157,0.0005,0.00017064803,12620.327959060669,0.0045000000000000005,0.006551224
316,9233.092128753662,0.00025,0.00015890076,12632.593006896972,0.0055000000000000005,0.0062857335
317,9238.872517585754,0.0,0.00014886663,12644.858054733277,0.0045000000000000005,0.0059796004
318,9244.652906417847,0.0,0.0001403468,12657.12310256958,0.0055000000000000005,0.0056416807
319,9250.433295249939,0.0,0.00013309655,12669.388150405885,0.00325,0.0052793073
320,9256.213684082031,0.0,0.00012700875,12681.653198242188,0.0055000000000000005,0.0048987325
321,9261.994072914124,0.0,0.00012185403,12693.91824607849,0.0029999999999999996,0.0045091542
322,9267.774461746216,0.0,0.00011755587,12706.183293914795,0.0022500000000000003,0.004116108
323,9273.554850578308,0.0,0.00011394604,12718.448341751098,0.0027500000000000003,0.0037275413
324,9279.3352394104,0.0,0.00011096333,12730.713389587403,0.0015000000000000002,0.0033484558
325,9285.115628242493,0.0,0.00010848539,12742.978437423706,0.00425,0.002984411
326,9290.896017074585,0.0,0.000106435735,12755.243485260009,0.0014999999999999998,0.0026396136
327,9296.676405906677,0.0,0.000104753184,12767.508533096314,0.002,0.002316632
328,9302.45679473877,0.0,0.000103376544,12779.773580932617,0.0005,0.002018582
329,9308.237183570862,0.0,0.00010224465,12792.038628768922,0.001,0.001746202
330,9314.017572402954,0.0,0.00010132689,12804.303676605225,0.001,0.0015005723
331,9319.797961235046,0.0,0.000100577396,12816.568724441528,0.0007499999999999999,0.0012814542
332,9325.578350067139,0.0,9.9980854e-05,12828.833772277832,0.0005,0.0010880294
333,9331.358738899231,0.0,9.9491386e-05,12841.098820114135,0.0007499999999999999,0.0009192628
334,9337.139127731323,0.0,9.9108984e-05,12853.36386795044,0.00025,0.00077336986
335,9342.919516563416,0.0,9.878777e-05,12865.628915786743,0.00125,0.0006487248
336,9348.699905395508,0.0,9.855833e-05,12877.893963623046,0.00025,0.00054329255
337,9354.4802942276,0.0,9.8344186e-05,12890.159011459351,0.0,0.00045491318
338,9360.260683059692,0.0,9.8206525e-05,12902.424059295656,0.0005,0.00038167677
339,9366.041071891785,0.0,9.8068864e-05,12914.689107131959,0.00025,0.00032152567
340,9371.821460723877,0.0,9.799238e-05,12926.954154968262,0.00025,0.00027260673
341,9377.60184955597,0.0,9.790061e-05,12939.219202804565,0.0,0.00023324882
342,9383.382238388062,0.0,9.785472e-05,12951.48425064087,0.0,0.00020181487
343,9389.162627220154,0.0,9.7793534e-05,12963.749298477174,0.00025,0.00017702025
344,9394.943016052246,0.0,9.777824e-05,12976.014346313477,0.0,0.00015760314
345,9400.723404884338,0.0,9.773235e-05,12988.27939414978,0.0,0.00014255183
346,9406.50379371643,0.0,9.773235e-05,13000.544441986083,0.0,0.00013100244
347,9412.284182548523,0.0,9.770176e-05,13012.809489822388,0.00025,0.00012220487
348,9418.064571380615,0.0,9.768647e-05,13025.074537658693,0.0,0.00011559104
349,9423.844960212708,0.0,9.768647e-05,13037.339585494996,0.0,0.000110638495
350,9429.6253490448,0.0,9.767117e-05,13049.604633331299,0.0,0.00010698419
351,9435.405737876892,0.0,9.767117e-05,13061.869681167602,0.0,0.00010431094
352,9441.186126708984,0.0,9.767117e-05,13074.134729003907,0.0,0.000102370264
353,9446.966515541077,0.0,9.767117e-05,13086.399776840211,0.0,0.00010099405
354,9452.746904373169,0.0,9.765588e-05,13098.664824676514,0.0,0.00010002658
355,9458.527293205261,0.0,9.765588e-05,13110.929872512817,0.0,9.935913e-05
356,9464.307682037354,0.0,9.765588e-05,13123.19492034912,0.0,9.894182e-05
357,9470.088070869446,0.0,9.767118e-05,13135.459968185425,0.0,9.8693585e-05
358,9475.868459701538,0.0,9.765589e-05,13147.72501602173,0.0,9.8616816e-05
359,9481.64884853363,0.0,9.7655895e-05,13159.990063858033,0.0,9.866211e-05
360,9487.429237365723,0.0,9.76559e-05,13172.255111694336,0.0,9.885559e-05
361,9493.209626197815,0.0,9.765591e-05,13184.520159530639,0.0,9.92207e-05
362,9498.990015029907,0.0,9.7655924e-05,13196.785207366944,0.0,9.978233e-05
363,9504.770403862,0.0,9.765594e-05,13209.050255203249,0.0,0.00010059206
364,9510.550792694092,0.0,9.765596e-05,13221.315303039552,0.0,0.00010174349
365,9516.331181526184,0.0,9.7656e-05,13233.580350875854,0.0,0.00010331219
366,9522.111570358276,0.0,9.765603e-05,13245.845398712157,0.0,0.00010545938
367,9527.891959190369,0.0,9.765609e-05,13258.110446548462,0.0,0.00010836718
368,9533.672348022461,0.0,9.765616e-05,13270.375494384767,0.0,0.00011223774
369,9539.452736854553,0.0,9.765625e-05,13282.64054222107,0.0,0.000117392854
370,9545.233125686646,0.0,9.7656375e-05,13294.905590057373,0.0,0.00012414782
371,9551.013514518738,0.0,9.7656535e-05,13307.170637893676,0.0,0.0001329645
372,9556.79390335083,0.0,9.7656746e-05,13319.43568572998,0.00025,0.00014437408
373,9562.574292182922,0.0,9.7657015e-05,13331.700733566286,0.0,0.00015900806
374,9568.354681015015,0.0,9.765737e-05,13343.965781402589,0.0,0.00017763482
375,9574.135069847107,0.0,9.765782e-05,13356.230829238892,0.00025,0.00020115638
376,9579.9154586792,0.0,9.765841e-05,13368.495877075195,0.0,0.00023058236
377,9585.695847511292,0.0,9.765917e-05,13380.7609249115,0.00025,0.0002671442
378,9591.476236343384,0.0,9.7660144e-05,13393.025972747804,0.0,0.00031212813
379,9597.256625175476,0.0,9.766139e-05,13405.291020584107,0.0,0.00036707023
380,9603.037014007568,0.0,9.766297e-05,13417.55606842041,0.0007500000000000001,0.0004336152
381,9608.81740283966,0.0,9.766498e-05,13429.821116256713,0.0005,0.00051343424
382,9614.597791671753,0.0,9.766754e-05,13442.086164093018,0.00025,0.00060850504
383,9620.378180503845,0.0,9.7670774e-05,13454.351211929323,0.0005,0.00072056736
384,9626.158569335938,0.0,9.767485e-05,13466.616259765626,0.0007500000000000001,0.0008516701
385,9631.93895816803,0.0,9.767998e-05,13478.881307601929,0.001,0.0010036144
386,9637.719347000122,0.0,9.76864e-05,13491.146355438232,0.00125,0.001178146
387,9643.499735832214,0.0,9.769445e-05,13503.411403274536,0.0014999999999999998,0.0013769014
388,9649.280124664307,0.0,9.770447e-05,13515.676451110841,0.0027500000000000003,0.0016007747
389,9655.060513496399,0.0,9.771694e-05,13527.941498947144,0.00175,0.0018510829
390,9660.840902328491,0.0,9.7732394e-05,13540.206546783447,0.00175,0.0021276225
391,9666.621291160583,0.0,9.7751516e-05,13552.47159461975,0.002,0.0024305936
392,9672.401679992676,0.0,9.7775075e-05,13564.736642456055,0.0029999999999999996,0.002759241
393,9678.182068824768,0.0,9.780407e-05,13577.00169029236,0.0045000000000000005,0.003111234
394,9683.96245765686,0.0,9.7839584e-05,13589.266738128663,0.0027500000000000003,0.0034851658
395,9689.742846488953,0.0,9.7882985e-05,13601.531785964966,0.00425,0.003876707
396,9695.523235321045,0.0,9.7935925e-05,13613.796833801269,0.00425,0.004282724
397,9701.303624153137,0.0,9.800022e-05,13626.061881637574,0.0035,0.0046985564
398,9707.08401298523,0.0,9.807822e-05,13638.326929473878,0.0062499999999999995,0.00511746
399,9712.864401817322,0.0,9.817238e-05,13650.591977310181,0.00475,0.005534536
400,9718.644790649414,0.0,9.8285964e-05,13662.857025146484,0.00575,0.005942755
401,9724.425179481506,0.0,9.842245e-05,13675.122072982787,0.007750000000000001,0.0063357865
402,9730.205568313599,0.0,9.858573e-05,13687.387120819092,0.00925,0.0067055086
403,9735.985957145691,0.0,9.8781056e-05,13699.652168655397,0.00725,0.0070448513
404,9741.766345977783,0.0,9.901348e-05,13711.9172164917,0.007750000000000001,0.0073482706
405,9747.546734809875,0.0,9.9289806e-05,13724.182264328003,0.01,0.0076090675
406,9753.327123641968,0.0,9.961671e-05,13736.447312164306,0.012750000000000001,0.007821772
407,9759.10751247406,0.0,0.00010000311,13748.71236000061,0.00875,0.007982539
408,9764.887901306152,0.0,0.00010045756,13760.977407836916,0.007750000000000001,0.00808581
409,9770.668290138245,0.0,0.000100991594,13773.242455673219,0.00725,0.008132067
410,9776.448678970337,0.0,0.00010161677,13785.507503509521,0.009000000000000001,0.008117515
411,9782.22906780243,0.0,0.000102345606,13797.772551345824,0.01025,0.008045251
412,9788.009456634521,0.0,0.00010319347,13810.03759918213,0.007750000000000001,0.00791411
413,9793.789845466614,0.0,0.000104178194,13822.302647018434,0.0095,0.007729031
414,9799.570234298706,0.00025,0.00010531592,13834.567694854737,0.009000000000000001,0.0074939285
415,9805.350623130798,0.0,0.000106629515,13846.83274269104,0.009000000000000001,0.0072119148
416,9811.13101196289,0.0,0.00010813809,13859.097790527343,0.007750000000000001,0.006891273
417,9816.911400794983,0.0,0.000109869514,13871.362838363648,0.0095,0.0065360465
418,9822.691789627075,0.0,0.00011184884,13883.627886199953,0.0055000000000000005,0.006154896
419,9828.472178459167,0.00025,0.00011409964,13895.892934036256,0.007499999999999999,0.005754208
420,9834.25256729126,0.0,0.00011666125,13908.157981872559,0.00475,0.005341012
421,9840.032956123352,0.0,0.00011955875,13920.423029708862,0.0062499999999999995,0.00492253
422,9845.813344955444,0.0,0.00012283442,13932.688077545166,0.0055000000000000005,0.004503881
423,9851.593733787537,0.0,0.00012651681,13944.953125381471,0.0025,0.004092205
424,9857.374122619629,0.0,0.0001306546,13957.218173217774,0.00525,0.0036925345
425,9863.154511451721,0.00025,0.00013527676,13969.483221054077,0.00425,0.0033084
426,9868.934900283813,0.00025,0.00014043904,13981.74826889038,0.0025,0.0029446392
427,9874.715289115906,0.0,0.00014617862,13994.013316726685,0.004,0.0026030096
428,9880.495677947998,0.0,0.00015252481,14006.27836456299,0.0035,0.002286286
429,9886.27606678009,0.0,0.00015955018,14018.543412399293,0.0007500000000000001,0.0019956538
430,9892.056455612183,0.0,0.00016727415,14030.808460235596,0.001,0.001731141
431,9897.836844444275,0.0,0.00017576531,14043.073508071899,0.00125,0.0014933893
432,9903.617233276367,0.0,0.00018503985,14055.338555908203,0.00125,0.001281213
433,9909.39762210846,0.0,0.00019516997,14067.603603744508,0.0015000000000000002,0.0010939568
434,9915.178010940552,0.0005,0.00020616125,14079.868651580811,0.001,0.0009301565
435,9920.958399772644,0.0,0.00021811077,14092.133699417114,0.0007500000000000001,0.0007881525
436,9926.738788604736,0.0005,0.00023094323,14104.398747253417,0.0005,0.00066615996
437,9932.519177436829,0.0007499999999999999,0.0002447977,14116.663795089722,0.001,0.0005622126
438,9938.29956626892,0.0007499999999999999,0.00025962404,14128.928842926027,0.0,0.0004745114
439,9944.079955101013,0.00025,0.00027549686,14141.19389076233,0.0,0.00040106237
440,9949.860343933105,0.0,0.00029236331,14153.458938598633,0.00025,0.00034015026
441,9955.640732765198,0.0005,0.00031029328,14165.723986434936,0.0005,0.00029004604
442,9961.42112159729,0.00025,0.00032920492,14177.98903427124,0.0005,0.00024916008
443,9967.201510429382,0.0005,0.00034916765,14190.254082107545,0.0,0.00021607016
444,9972.981899261475,0.0012499999999999998,0.00037011434,14202.519129943848,0.00025,0.00018954951
445,9978.762288093567,0.0,0.00039192967,14214.784177780151,0.0,0.00016841326
446,9984.54267692566,0.0,0.0004147204,14227.049225616454,0.0,0.00015178359
447,9990.323065757751,0.00025,0.00043829146,14239.31427345276,0.0,0.00013872722
448,9996.103454589844,0.0005,0.0004626985,14251.579321289064,0.0,0.0001286181
449,10001.883843421936,0.0007499999999999999,0.00048772435,14263.844369125367,0.0,0.000120830795
450,10007.664232254028,0.0005,0.00051342114,14276.10941696167,0.0,0.00011490805
451,10013.44462108612,0.0005,0.0005395335,14288.374464797973,0.0,0.000110435634
452,10019.225009918213,0.0012499999999999998,0.0005661965,14300.639512634278,0.0,0.00010711235
453,10025.005398750305,0.0005,0.00059285585,14312.904560470583,0.0,0.00010466711
454,10030.785787582397,0.0012499999999999998,0.0006198082,14325.169608306885,0.0,0.00010291515
455,10036.56617641449,0.001,0.0006466425,14337.434656143188,0.0,0.00010173127
456,10042.346565246582,0.0007499999999999999,0.0006733547,14349.699703979491,0.0,0.000100981175
457,10048.126954078674,0.00025,0.00069979293,14361.964751815796,0.0,0.00010060619
458,10053.907342910767,0.0017500000000000003,0.0007256353,14374.229799652101,0.0,0.0001005702
459,10059.687731742859,0.0012499999999999998,0.00075093855,14386.494847488404,0.0,0.00010084635
460,10065.468120574951,0.0,0.0007753056,14398.759895324707,0.0,0.0001014637
461,10071.248509407043,0.0014999999999999998,0.0007989467,14411.02494316101,0.0,0.00010247945
462,10077.028898239136,0.0012499999999999998,0.0008210571,14423.289990997315,0.0,0.000103916565
463,10082.809287071228,0.0012499999999999998,0.0008421259,14435.55503883362,0.0,0.00010591937
464,10088.58967590332,0.0005,0.0008615977,14447.820086669923,0.0,0.00010860303
465,10094.370064735413,0.0014999999999999998,0.0008796151,14460.085134506226,0.00025,0.00011212144
466,10100.150453567505,0.001,0.0008957505,14472.350182342529,0.0,0.00011673683
467,10105.930842399597,0.0012499999999999998,0.0009101734,14484.615230178833,0.0,0.00012267646
468,10111.71123123169,0.002,0.0009224749,14496.880278015138,0.0,0.00013025376
469,10117.491620063782,0.0014999999999999998,0.0009329349,14509.145325851441,0.0,0.00013988902
470,10123.272008895874,0.0012499999999999998,0.0009410168,14521.410373687744,0.0,0.00015202517
471,10129.052397727966,0.0014999999999999998,0.00094688125,14533.675421524047,0.00025,0.0001671659
472,10134.832786560059,0.0017500000000000003,0.0009506366,14545.940469360352,0.00025,0.00018598489
473,10140.61317539215,0.0017500000000000003,0.0009519424,14558.205517196657,0.0,0.00020914081
474,10146.393564224243,0.001,0.0009511009,14570.47056503296,0.0,0.00023744318
475,10152.173953056335,0.0014999999999999998,0.0009478063,14582.735612869263,0.0005,0.00027181554
476,10157.954341888428,0.001,0.0009423963,14595.000660705566,0.00025,0.0003131822
477,10163.73473072052,0.001,0.0009346056,14607.26570854187,0.0,0.0003626509
478,10169.515119552612,0.002,0.0009249502,14619.530756378175,0.0007500000000000001,0.00042137015
479,10175.295508384705,0.0014999999999999998,0.00091275683,14631.795804214478,0.00025,0.00049045146
480,10181.075897216797,0.0017500000000000003,0.00089887314,14644.060852050781,0.0005,0.0005711893
481,10186.85628604889,0.0012499999999999998,0.0008829552,14656.325899887084,0.00025,0.00066478964
482,10192.636674880981,0.0012499999999999998,0.0008653542,14668.590947723389,0.00025,0.0007725121
483,10198.417063713074,0.001,0.00084618834,14680.855995559694,0.00175,0.0008953041
484,10204.197452545166,0.0014999999999999998,0.00082540576,14693.121043395997,0.0022500000000000003,0.001034345
485,10209.977841377258,0.0007499999999999999,0.00080341444,14705.3860912323,0.0015000000000000002,0.0011905262
486,10215.75823020935,0.0017500000000000003,0.0007802488,14717.651139068603,0.0014999999999999998,0.0013641953
487,10221.538619041443,0.0012499999999999998,0.00075593573,14729.916186904908,0.001,0.0015561073
488,10227.319007873535,0.0005,0.0007307874,14742.181234741212,0.002,0.0017658217
489,10233.099396705627,0.0007499999999999999,0.00070506416,14754.446282577515,0.0025,0.0019933663
490,10238.87978553772,0.0012499999999999998,0.000678707,14766.711330413818,0.0035,0.0022380534
491,10244.660174369812,0.0007499999999999999,0.00065210165,14778.976378250121,0.0027500000000000003,0.0024980993
492,10250.440563201904,0.0005,0.0006251893,14791.241426086426,0.002,0.002772578
493,10256.220952033997,0.0017500000000000003,0.0005983236,14803.506473922731,0.0025,0.0030584426
494,10262.001340866089,0.00025,0.00057145546,14815.771521759034,0.004,0.0033536896
495,10267.781729698181,0.0007499999999999999,0.000544946,14828.036569595337,0.0035,0.003654945
496,10273.562118530273,0.0007499999999999999,0.00051866006,14840.30161743164,0.00475,0.0039586537
497,10279.342507362366,0.001,0.00049285573,14852.566665267945,0.005,0.0042612553
498,10285.122896194458,0.00025,0.0004677025,14864.83171310425,0.006000000000000001,0.004557423
499,10290.90328502655,0.0005,0.00044314866,14877.096760940552,0.0037499999999999994,0.0048438148
500,10296.683673858643,0.00025,0.0004194179,14889.361808776855,0.00575,0.0051160054
501,10302.464062690735,0.00025,0.00039644877,14901.626856613158,0.007750000000000001,0.0053681703
502,10308.244451522827,0.00025,0.00037442797,14913.891904449463,0.0062499999999999995,0.0055977497
503,10314.02484035492,0.0,0.00035333342,14926.156952285768,0.007,0.005798794
504,10319.805229187012,0.0007499999999999999,0.00033317,14938.422000122071,0.007750000000000001,0.0059695523
505,10325.585618019104,0.0005,0.000314009,14950.687047958374,0.0065,0.006104806
506,10331.366006851196,0.0,0.0002959118,14962.952095794677,0.007750000000000001,0.006203506
507,10337.146395683289,0.0007499999999999999,0.00027880227,14975.217143630982,0.0072499999999999995,0.006263764
508,10342.92678451538,0.00025,0.00026275654,14987.482191467287,0.006000000000000001,0.0062828083
509,10348.707173347473,0.0005,0.000247696,14999.74723930359,0.0045000000000000005,0.0062623895
510,10354.487562179565,0.0,0.00023365507,15012.012287139893,0.007750000000000001,0.0062007913
511,10360.267951011658,0.0,0.00022063128,15024.277334976196,0.0075,0.0061002946
512,10366.04833984375,0.00025,0.00020848951,15036.5423828125,0.007750000000000001,0.005964345
513,10371.828728675842,0.0,0.00019731818,15048.807430648805,0.008,0.0057924856
514,10377.609117507935,0.0,0.00018701167,15061.072478485108,0.007499999999999999,0.005590432
515,10383.389506340027,0.00025,0.00017757245,15073.337526321411,0.00675,0.0053600087
516,10389.16989517212,0.0007499999999999999,0.0001689243,15085.602574157714,0.006750000000000001,0.0051066913
517,10394.950284004211,0.0,0.00016105255,15097.867621994019,0.0075,0.0048347693
518,10400.730672836304,0.0,0.0001538859,15110.132669830324,0.00475,0.0045475615
519,10406.511061668396,0.0,0.00014740472,15122.397717666627,0.007,0.004251114
520,10412.291450500488,0.0,0.00014155249,15134.66276550293,0.006000000000000001,0.0039484045
521,10418.07183933258,0.0,0.00013627272,15146.927813339233,0.004,0.0036447016
522,10423.852228164673,0.0,0.00013154572,15159.192861175537,0.0035,0.0033438737
523,10429.632616996765,0.0,0.00012731503,15171.457909011842,0.0022500000000000003,0.0030485897
524,10435.413005828857,0.0,0.00012354375,15183.722956848145,0.00475,0.0027630932
525,10441.19339466095,0.0,0.00012018769,15195.988004684448,0.004,0.0024890378
526,10446.973783493042,0.0,0.00011721735,15208.253052520751,0.00325,0.0022293327
527,10452.754172325134,0.0,0.00011459097,15220.518100357056,0.002,0.001985415
528,10458.534561157227,0.0,0.00011228153,15232.78314819336,0.00125,0.0017584366
529,10464.314949989319,0.0,0.0001102448,15245.048196029664,0.0022500000000000003,0.0015493331
530,10470.095338821411,0.0,0.000108470944,15257.313243865967,0.0025,0.0013580362
531,10475.875727653503,0.0,0.00010691576,15269.57829170227,0.00125,0.001184968
532,10481.656116485596,0.0,0.00010556695,15281.843339538575,0.00225,0.0010293754
533,10487.436505317688,0.0,0.000104395025,15294.10838737488,0.0005,0.00089089345
534,10493.21689414978,0.0,0.00010338035,15306.373435211182,0.0005,0.00076863245
535,10498.997282981873,0.0,0.000102505706,15318.638483047485,0.0005,0.0006614175
536,10504.777671813965,0.0,0.00010175391,15330.903530883788,0.0005,0.00056829053
537,10510.558060646057,0.0,0.000101112666,15343.168578720093,0.00025,0.00048792816
538,10516.33844947815,0.0,0.000100557416,15355.433626556398,0.0007500000000000001,0.00041920145
539,10522.118838310242,0.0,0.00010008816,15367.698674392701,0.00025,0.00036086704
540,10527.899227142334,0.0,9.969015e-05,15379.963722229004,0.0005,0.00031165904
541,10533.679615974426,0.0,9.9351106e-05,15392.228770065307,0.00025,0.00027053957
542,10539.460004806519,0.0,9.906611e-05,15404.493817901612,0.00025,0.00023640272
543,10545.24039363861,0.0,9.882534e-05,15416.758865737916,0.0,0.00020829077
544,10551.020782470703,0.0,9.8621415e-05,15429.02391357422,0.0,0.00018531481
545,10556.801171302795,0.0,9.845435e-05,15441.288961410522,0.0,0.0001666433
546,10562.581560134888,0.0,9.83094e-05,15453.554009246825,0.0,0.00015161616
547,10568.36194896698,0.0,9.819392e-05,15465.81905708313,0.0,0.00013959671
548,10574.142337799072,0.0,9.8095654e-05,15478.084104919435,0.00025,0.00013007454
549,10579.922726631165,0.0,9.801703e-05,15490.349152755738,0.0,0.00012258577
550,10585.703115463257,0.0,9.794578e-05,15502.614200592041,0.0,0.00011675915
551,10591.48350429535,0.0,9.789419e-05,15514.879248428344,0.0,0.0001122593
552,10597.263893127441,0.0,9.784751e-05,15527.144296264649,0.0,0.00010884413
553,10603.044281959534,0.0,9.7810655e-05,15539.409344100954,0.00025,0.000106320185
554,10608.824670791626,0.0,9.778117e-05,15551.674391937257,0.0,0.00010448567
555,10614.605059623718,0.0,9.775415e-05,15563.93943977356,0.0,0.00010324622
556,10620.38544845581,0.0,9.773695e-05,15576.204487609863,0.0,0.00010251275
557,10626.165837287903,0.0,9.771975e-05,15588.469535446167,0.0,0.00010220211
558,10631.946226119995,0.0,9.770747e-05,15600.734583282472,0.0,0.00010230963
559,10637.726614952087,0.0,9.769519e-05,15612.999631118775,0.0,0.0001028036
560,10643.50700378418,0.0,9.768782e-05,15625.264678955078,0.0,0.00010371195
561,10649.287392616272,0.0,9.768045e-05,15637.529726791381,0.0,0.00010509897
562,10655.067781448364,0.0,9.767799e-05,15649.794774627686,0.0,0.00010698629
563,10660.848170280457,0.0,9.767062e-05,15662.05982246399,0.0,0.00010952154
564,10666.628559112549,0.0,9.766817e-05,15674.324870300294,0.0,0.00011276552
565,10672.408947944641,0.0,9.766572e-05,15686.589918136597,0.00025,0.00011691251
566,10678.189336776733,0.0,9.7663265e-05,15698.8549659729,0.0,0.0001221043
567,10683.969725608826,0.0,9.7660806e-05,15711.120013809204,0.0,0.00012858411
568,10689.750114440918,0.0,9.766081e-05,15723.38506164551,0.00025,0.00013657681
569,10695.53050327301,0.0,9.765837e-05,15735.650109481812,0.0,0.00014636757
570,10701.310892105103,0.0,9.7660835e-05,15747.915157318115,0.0,0.00015828181
571,10707.091280937195,0.0,9.765594e-05,15760.180205154418,0.0,0.00017266243
572,10712.871669769287,0.0,9.765841e-05,15772.445252990723,0.0,0.00018993391
573,10718.65205860138,0.0,9.7655975e-05,15784.710300827028,0.0005,0.00021050517
574,10724.432447433472,0.0,9.765846e-05,15796.97534866333,0.00025,0.00023486956
575,10730.212836265564,0.0,9.765603e-05,15809.240396499634,0.0,0.00026354118
576,10735.993225097656,0.0,9.765608e-05,15821.505444335937,0.0,0.00029696614
577,10741.773613929749,0.0,9.7658594e-05,15833.770492172242,0.0,0.00033575317
578,10747.55400276184,0.0,9.76562e-05,15846.035540008546,0.0,0.0003804457
579,10753.334391593933,0.0,9.765629e-05,15858.30058784485,0.0005,0.00043149866
580,10759.114780426025,0.0,9.765639e-05,15870.565635681152,0.0015000000000000002,0.00048951973
581,10764.895169258118,0.0,9.765652e-05,15882.830683517455,0.0005,0.0005548482
582,10770.67555809021,0.0,9.765669e-05,15895.09573135376,0.0014999999999999998,0.0006279765
583,10776.455946922302,0.0,9.7656884e-05,15907.360779190065,0.00125,0.0007092468
584,10782.236335754395,0.0,9.765714e-05,15919.625827026368,0.001,0.00079871045
585,10788.016724586487,0.0,9.7657445e-05,15931.89087486267,0.00125,0.0008966789
586,10793.79711341858,0.0,9.7657816e-05,15944.155922698974,0.001,0.0010028364
587,10799.577502250671,0.0,9.765828e-05,15956.420970535279,0.0007499999999999999,0.0011171595
588,10805.357891082764,0.0,9.765884e-05,15968.686018371583,0.0015000000000000002,0.0012391829
589,10811.138279914856,0.0,9.765953e-05,15980.951066207886,0.001,0.0013682994
590,10816.918668746948,0.0,9.766037e-05,15993.21611404419,0.00175,0.0015038543
591,10822.69905757904,0.0,9.766138e-05,16005.481161880492,0.0007499999999999999,0.001644455
592,10828.479446411133,0.0,9.766261e-05,16017.746209716797,0.002,0.001789426
593,10834.259835243225,0.0,9.76641e-05,16030.011257553102,0.0022500000000000003,0.0019367972
594,10840.040224075317,0.0,9.766589e-05,16042.276305389405,0.0022500000000000003,0.0020854373
595,10845.82061290741,0.0,9.7668046e-05,16054.541353225708,0.0030000000000000005,0.0022336633
596,10851.601001739502,0.0,9.7670636e-05,16066.806401062011,0.0027500000000000003,0.002379077
597,10857.381390571594,0.0,9.767373e-05,16079.071448898316,0.0027500000000000003,0.0025205018
598,10863.161779403687,0.0,9.7677424e-05,16091.33649673462,0.00325,0.0026551352
599,10868.942168235779,0.0,9.768183e-05,16103.601544570924,0.0030000000000000005,0.0027816424
600,10874.722557067871,0.0,9.7687065e-05,16115.866592407227,0.0030000000000000005,0.002898103
601,10880.502945899963,0.0,9.769327e-05,16128.13164024353,0.0035,0.0030019667
602,10886.283334732056,0.0,9.770061e-05,16140.396688079834,0.0035,0.0030922503
603,10892.063723564148,0.0,9.770927e-05,16152.66173591614,0.0045000000000000005,0.0031672174
604,10897.84411239624,0.0,9.771948e-05,16164.926783752442,0.0030000000000000005,0.0032255831
605,10903.624501228333,0.0,9.773147e-05,16177.191831588745,0.00175,0.0032666258
606,10909.404890060425,0.0,9.7745506e-05,16189.456879425048,0.005,0.0032888022
607,10915.185278892517,0.0,9.7761906e-05,16201.721927261353,0.00325,0.003292822
608,10920.96566772461,0.0,9.778105e-05,16213.986975097658,0.0037499999999999994,0.003277515
609,10926.746056556702,0.0,9.780329e-05,16226.25202293396,0.0030000000000000005,0.0032439702
610,10932.526445388794,0.0,9.7829135e-05,16238.517070770264,0.004,0.0031927726
611,10938.306834220886,0.0,9.7859025e-05,16250.782118606567,0.004,0.0031240091
612,10944.087223052979,0.0,9.789357e-05,16263.047166442871,0.00375,0.0030398953
613,10949.86761188507,0.0,9.7933385e-05,16275.312214279176,0.0030000000000000005,0.0029408475
614,10955.648000717163,0.0,9.797906e-05,16287.57726211548,0.0027500000000000003,0.0028294735
615,10961.428389549255,0.0,9.80315e-05,16299.842309951782,0.0027500000000000003,0.0027065943
616,10967.208778381348,0.0,9.809141e-05,16312.107357788085,0.0027500000000000003,0.0025748357
617,10972.98916721344,0.0,9.815984e-05,16324.37240562439,0.0027500000000000003,0.0024361266
618,10978.769556045532,0.0,9.823762e-05,16336.637453460695,0.00325,0.0022916433
619,10984.549944877625,0.0,9.832603e-05,16348.902501296998,0.00175,0.0021447209
620,10990.330333709717,0.0,9.842602e-05,16361.1675491333,0.0027500000000000003,0.0019959253
621,10996.110722541809,0.0,9.8539116e-05,16373.432596969604,0.00175,0.0018477708
622,11001.891111373901,0.0,9.866658e-05,16385.697644805907,0.001,0.0017018376
623,11007.671500205994,0.0,9.880965e-05,16397.962692642213,0.00125,0.0015593019
624,11013.451889038086,0.0,9.897002e-05,16410.227740478516,0.002,0.0014214019
625,11019.232277870178,0.0,9.914949e-05,16422.49278831482,0.001,0.0012898798
626,11025.01266670227,0.0,9.9349854e-05,16434.757836151122,0.00175,0.0011649221
627,11030.793055534363,0.0,9.957246e-05,16447.022883987425,0.001,0.0010473069
628,11036.573444366455,0.0,9.9819874e-05,16459.287931823732,0.001,0.00093797996
629,11042.353833198547,0.0,0.00010009339,16471.552979660035,0.001,0.0008367359
630,11048.13422203064,0.0,0.00010039637,16483.818027496338,0.00025,0.0007438796
631,11053.914610862732,0.0,0.00010072845,16496.08307533264,0.00025,0.000659268
632,11059.694999694824,0.0,0.00010109435,16508.348123168944,0.001,0.0005830504
633,11065.475388526917,0.0,0.000101494545,16520.61317100525,0.0007500000000000001,0.0005145923
634,11071.255777359009,0.0,0.00010193255,16532.878218841553,0.0005,0.0004537006
635,11077.036166191101,0.0,0.00010240905,16545.143266677856,0.0,0.00039998975
636,11082.816555023193,0.0,0.0001029279,16557.40831451416,0.00025,0.00035282504
637,11088.596943855286,0.0,0.00010348926,16569.673362350462,0.00025,0.00031172755
638,11094.377332687378,0.0,0.00010409781,16581.93841018677,0.0005,0.00027624314
639,11100.15772151947,0.0,0.00010475217,16594.203458023072,0.00025,0.000245756
640,11105.938110351562,0.0,0.000105455445,16606.468505859375,0.0,0.00021974377
641,11111.718499183655,0.0,0.000106210886,16618.733553695678,0.0,0.00019770277
642,11117.498888015747,0.0,0.00010701702,16630.99860153198,0.0,0.00017918549
643,11123.27927684784,0.0,0.000107878055,16643.263649368288,0.0,0.00016370729
644,11129.059665679932,0.0,0.000108791486,16655.52869720459,0.00025,0.00015084592
645,11134.840054512024,0.0,0.00010976175,16667.793745040894,0.0,0.00014026662
646,11140.620443344116,0.0,0.00011078484,16680.058792877197,0.0,0.00013159757
647,11146.400832176208,0.00025,0.00011186798,16692.3238407135,0.0,0.0001245546
648,11152.1812210083,0.00025,0.000112997775,16704.588888549806,0.0,0.00011887277
649,11157.961609840393,0.00025,0.00011418656,16716.85393638611,0.0,0.000114343995
650,11163.741998672485,0.0,0.00011542453,16729.118984222412,0.0,0.00011074241
651,11169.522387504578,0.00025,0.000116716205,16741.384032058715,0.0,0.000107936576
652,11175.30277633667,0.0,0.00011805242,16753.649079895018,0.0,0.00010577818
653,11181.083165168762,0.00025,0.000119435776,16765.914127731325,0.0,0.00010415138
654,11186.863554000854,0.0,0.00012086324,16778.179175567628,0.0,0.00010297993
655,11192.643942832947,0.0,0.00012232954,16790.44422340393,0.0,0.000102184524
656,11198.424331665039,0.0,0.00012382519,16802.709271240234,0.0,0.00010172538
657,11204.204720497131,0.0,0.00012534956,16814.974319076537,0.0,0.0001015545
658,11209.985109329224,0.0,0.00012690303,16827.239366912843,0.0,0.00010167726
659,11215.765498161316,0.0,0.00012846885,16839.504414749146,0.0,0.00010206233
660,11221.545886993408,0.0,0.0001300527,16851.76946258545,0.0,0.000102737366
661,11227.3262758255,0.0,0.00013163552,16864.034510421752,0.0,0.00010370598
662,11233.106664657593,0.0,0.00013322313,16876.299558258055,0.0,0.00010501358
663,11238.887053489685,0.0,0.00013479487,16888.56460609436,0.0,0.00010670182
664,11244.667442321777,0.00025,0.00013636083,16900.829653930665,0.0,0.000108809996
665,11250.44783115387,0.00025,0.00013789188,16913.094701766968,0.0,0.00011142979
666,11256.228219985962,0.00025,0.00013939023,16925.35974960327,0.0,0.000114631905
667,11262.008608818054,0.00025,0.00014085621,16937.624797439574,0.0,0.0001184911
668,11267.788997650146,0.0,0.00014226564,16949.88984527588,0.0,0.00012312776
669,11273.569386482239,0.00025,0.00014362708,16962.154893112183,0.00025,0.00012865954
670,11279.349775314331,0.0,0.00014491602,16974.419940948486,0.0,0.00013519324
671,11285.130164146423,0.0005,0.00014614163,16986.684988784793,0.00025,0.00014286049
672,11290.910552978516,0.00025,0.00014728867,16998.950036621092,0.0,0.00015184104
673,11296.690941810608,0.00025,0.00014834011,17011.2150844574,0.00025,0.00016225065
674,11302.4713306427,0.00025,0.00014929897,17023.480132293702,0.00025,0.00017423734
675,11308.251719474792,0.0007499999999999999,0.0001501682,17035.745180130005,0.0,0.00018797179
676,11314.032108306885,0.00025,0.00015092352,17048.01022796631,0.00075,0.00020362448
677,11319.812497138977,0.0,0.0001515792,17060.27527580261,0.00025,0.0002213227
678,11325.59288597107,0.00025,0.00015211159,17072.540323638917,0.00025,0.00024116763
679,11331.373274803162,0.0005,0.00015253182,17084.80537147522,0.00025,0.0002633753
680,11337.153663635254,0.0,0.00015283725,17097.070419311523,0.0,0.00028795164
681,11342.934052467346,0.0,0.00015302088,17109.33546714783,0.0005,0.000315008
682,11348.714441299438,0.00025,0.00015307148,17121.60051498413,0.001,0.00034465335
683,11354.49483013153,0.0,0.00015299844,17133.865562820436,0.00025,0.00037680345
684,11360.275218963623,0.0,0.0001528127,17146.13061065674,0.00025,0.0004114569
685,11366.055607795715,0.0,0.00015249506,17158.395658493042,0.00025,0.00044847015
686,11371.835996627808,0.0,0.000152068,17170.66070632935,0.0012499999999999998,0.00048789702
687,11377.6163854599,0.0005,0.00015151412,17182.925754165648,0.00025,0.0005293698
688,11383.396774291992,0.0,0.00015085713,17195.190802001955,0.00125,0.0005726212
689,11389.177163124084,0.0,0.00015009103,17207.455849838258,0.00025,0.0006176036
690,11394.957551956177,0.0,0.00014920671,17219.72089767456,0.0017499999999999998,0.00066372287
691,11400.737940788269,0.0005,0.0001482384,17231.985945510867,0.002,0.0007106481
692,11406.518329620361,0.00025,0.00014716906,17244.250993347167,0.00125,0.0007578111
693,11412.298718452454,0.0,0.0001460229,17256.516041183473,0.0022500000000000003,0.00080506207
694,11418.079107284546,0.0,0.00014478956,17268.781089019776,0.001,0.0008514618
695,11423.859496116638,0.0,0.00014349414,17281.04613685608,0.0022500000000000003,0.0008967004
696,11429.63988494873,0.00025,0.00014212664,17293.311184692386,0.0024999999999999996,0.0009401405
697,11435.420273780823,0.0,0.00014071178,17305.576232528685,0.002,0.0009812878
698,11441.200662612915,0.0,0.00013924921,17317.84128036499,0.0005,0.0010192737
699,11446.981051445007,0.00025,0.00013773948,17330.106328201295,0.0007500000000000001,0.0010541013
700,11452.7614402771,0.0,0.0001361987,17342.371376037598,0.0015,0.0010847918
701,11458.541829109192,0.0,0.00013464123,17354.636423873904,0.00075,0.001111043
702,11464.322217941284,0.0,0.00013306152,17366.901471710204,0.00275,0.0011322699
703,11470.102606773376,0.0005,0.00013147986,17379.16651954651,0.0015000000000000002,0.0011486785
704,11475.882995605469,0.00025,0.00012989085,17391.431567382813,0.0022500000000000003,0.0011594814
705,11481.663384437561,0.0,0.00012831164,17403.696615219116,0.001,0.0011644979
706,11487.443773269653,0.00025,0.00012675193,17415.961663055423,0.003,0.0011641968
707,11493.224162101746,0.00025,0.00012519553,17428.226710891722,0.002,0.0011580354
708,11499.004550933838,0.0,0.00012367351,17440.49175872803,0.0022500000000000003,0.001146114
709,11504.78493976593,0.0,0.00012217692,17452.75680656433,0.0022500000000000003,0.0011291661
710,11510.565328598022,0.0,0.00012071892,17465.021854400635,0.003,0.0011068208
711,11516.345717430115,0.00025,0.00011929529,17477.28690223694,0.00275,0.0010798745
712,11522.126106262207,0.0,0.00011791832,17489.55195007324,0.002,0.0010483119
713,11527.9064950943,0.0,0.00011658308,17501.816997909547,0.00125,0.0010131809
714,11533.686883926392,0.00025,0.000115299765,17514.08204574585,0.0025,0.00097449456
715,11539.467272758484,0.0,0.00011406679,17526.347093582153,0.001,0.00093283324
716,11545.247661590576,0.0,0.00011288169,17538.61214141846,0.0017499999999999998,0.0008891879
717,11551.028050422668,0.0,0.000111754816,17550.87718925476,0.00125,0.00084369397
718,11556.80843925476,0.0,0.000110679866,17563.142237091066,0.0015000000000000002,0.000797076
719,11562.588828086853,0.0,0.00010966226,17575.40728492737,0.0007500000000000001,0.0007497639
720,11568.369216918945,0.0,0.000108697626,17587.672332763672,0.00075,0.0007026243
721,11574.149605751038,0.0,0.00010778964,17599.93738059998,0.00025,0.0006558077
722,11579.92999458313,0.00025,0.000106933745,17612.202428436278,0.00125,0.0006097834
723,11585.710383415222,0.0,0.00010613468,17624.467476272584,0.00125,0.00056521484
724,11591.490772247314,0.0,0.000105382605,17636.732524108887,0.00025,0.0005221742
725,11597.271161079407,0.0,0.000104684215,17648.99757194519,0.00075,0.0004809821
726,11603.051549911499,0.0,0.000104033694,17661.262619781497,0.00025,0.00044203157
727,11608.831938743591,0.0,0.00010343159,17673.527667617796,0.00025,0.0004053902
728,11614.612327575684,0.0,0.00010287368,17685.792715454103,0.0005,0.00037115847
729,11620.392716407776,0.0,0.00010235979,17698.057763290406,0.0005,0.00033940183
730,11626.173105239868,0.0,0.00010188677,17710.32281112671,0.0,0.00031026432
731,11631.95349407196,0.00025,0.000101453035,17722.587858963016,0.00025,0.00028361063
732,11637.733882904053,0.0,0.00010105648,17734.852906799315,0.0,0.00025940806
733,11643.514271736145,0.0,0.000100693775,17747.11795463562,0.0007500000000000001,0.00023765441
734,11649.294660568237,0.0,0.000100364225,17759.383002471925,0.0005,0.0002181555
735,11655.07504940033,0.0,0.00010006466,17771.648050308228,0.00025,0.00020082404
736,11660.855438232422,0.0,9.979404e-05,17783.913098144534,0.00025,0.00018550079
737,11666.635827064514,0.0,9.9549194e-05,17796.178145980834,0.0,0.00017208101
738,11672.416215896606,0.0,9.932873e-05,17808.44319381714,0.00025,0.00016036401
739,11678.196604728699,0.0,9.913072e-05,17820.708241653443,0.0005,0.00015020368
740,11683.976993560791,0.0,9.8953395e-05,17832.973289489746,0.00025,0.00014146921
741,11689.757382392883,0.0,9.8794495e-05,17845.238337326053,0.0,0.0001339884
742,11695.537771224976,0.0,9.8652956e-05,17857.503385162352,0.0,0.00012762404
743,11701.318160057068,0.0,9.8527205e-05,17869.76843299866,0.0,0.00012225422
744,11707.09854888916,0.0,9.841548e-05,17882.03348083496,0.0,0.000117739735
745,11712.878937721252,0.0,9.831656e-05,17894.298528671265,0.0,0.00011397419
746,11718.659326553345,0.0,9.822939e-05,17906.56357650757,0.0,0.00011084699
747,11724.439715385437,0.0,9.815257e-05,17918.82862434387,0.0,0.00010828052
748,11730.22010421753,0.0,9.808523e-05,17931.093672180177,0.0,0.00010617767
749,11736.000493049622,0.0,9.802594e-05,17943.35872001648,0.0,0.00010447658
750,11741.780881881714,0.0,9.797403e-05,17955.623767852783,0.0,0.00010310921
751,11747.561270713806,0.0,9.792913e-05,17967.88881568909,0.0,0.000102027465
752,11753.341659545898,0.0,9.789002e-05,17980.15386352539,0.0,0.000101181584
753,11759.12204837799,0.0,9.785582e-05,17992.418911361696,0.0,0.0001005378
754,11764.902437210083,0.0,9.782635e-05,18004.683959198,0.0,0.00010006272
755,11770.682826042175,0.0,9.780092e-05,18016.9490070343,0.0,9.973694e-05
756,11776.463214874268,0.0,9.7779e-05,18029.21405487061,0.0,9.953764e-05
757,11782.24360370636,0.0,9.776006e-05,18041.479102706908,0.0,9.9453755e-05
758,11788.023992538452,0.0,9.7744094e-05,18053.744150543214,0.0,9.947548e-05
759,11793.804381370544,0.0,9.7730066e-05,18066.009198379517,0.0,9.960025e-05
760,11799.584770202637,0.0,9.771849e-05,18078.27424621582,0.0,9.9828074e-05
761,11805.365159034729,0.0,9.770832e-05,18090.539294052127,0.0,0.00010015891
762,11811.145547866821,0.0,9.76999e-05,18102.804341888426,0.0,0.00010060172
763,11816.925936698914,0.0,9.769253e-05,18115.069389724733,0.0,0.0001011641
764,11822.706325531006,0.0,9.768657e-05,18127.334437561036,0.0,0.00010185993
765,11828.486714363098,0.0,9.76813e-05,18139.59948539734,0.0,0.000102705744
766,11834.26710319519,0.0,9.767692e-05,18151.864533233645,0.0,0.00010371214
767,11840.047492027283,0.0,9.7673415e-05,18164.129581069945,0.0,0.000104905994
768,11845.827880859375,0.0,9.767043e-05,18176.39462890625,0.0,0.00010630748
769,11851.608269691467,0.0,9.76678e-05,18188.659676742554,0.0,0.00010793573
770,11857.38865852356,0.0,9.7665696e-05,18200.924724578857,0.0,0.00010982387
771,11863.169047355652,0.0,9.766394e-05,18213.189772415164,0.0,0.00011198527
772,11868.949436187744,0.0,9.766254e-05,18225.454820251463,0.0,0.0001144563
773,11874.729825019836,0.0,9.766113e-05,18237.71986808777,0.0,0.000117258496
774,11880.510213851929,0.0,9.766026e-05,18249.984915924073,0.00025,0.00012042027
775,11886.290602684021,0.0,9.7659555e-05,18262.249963760376,0.00025,0.00012396497
776,11892.070991516113,0.0,9.765868e-05,18274.515011596683,0.0,0.00012790789
777,11897.851380348206,0.0,9.765834e-05,18286.780059432982,0.0,0.0001322844
778,11903.631769180298,0.0,9.765781e-05,18299.04510726929,0.00025,0.00013709218
779,11909.41215801239,0.0,9.7657285e-05,18311.31015510559,0.0,0.00014235164
780,11915.192546844482,0.0,9.765711e-05,18323.575202941895,0.0,0.00014805862
781,11920.972935676575,0.0,9.765694e-05,18335.8402507782,0.0005,0.00015423213
782,11926.753324508667,0.0,9.765677e-05,18348.1052986145,0.0,0.00016084446
783,11932.53371334076,0.0,9.765642e-05,18360.370346450807,0.0,0.00016787318
784,11938.314102172852,0.0,9.765642e-05,18372.63539428711,0.00025,0.00017533077
785,11944.094491004944,0.0,9.765625e-05,18384.900442123413,0.0,0.00018314691
786,11949.874879837036,0.0,9.765626e-05,18397.16548995972,0.0,0.0001912747
787,11955.655268669128,0.0,9.765627e-05,18409.43053779602,0.00025,0.00019970183
788,11961.43565750122,0.0,9.7656106e-05,18421.695585632326,0.0005,0.00020834628
789,11967.216046333313,0.0,9.765612e-05,18433.96063346863,0.00025,0.00021712786
790,11972.996435165405,0.0,9.765596e-05,18446.22568130493,0.00075,0.00022595536
791,11978.776823997498,0.0,9.765616e-05,18458.49072914124,0.0005,0.00023481065
792,11984.55721282959,0.0,9.7656004e-05,18470.755776977538,0.00075,0.00024353876
793,11990.337601661682,0.0,9.76562e-05,18483.020824813844,0.0007500000000000001,0.00025203903
794,11996.117990493774,0.0,9.765606e-05,18495.285872650147,0.00025,0.00026029427
795,12001.898379325867,0.0,9.76561e-05,18507.55092048645,0.00075,0.0002681274
796,12007.678768157959,0.0,9.765614e-05,18519.815968322757,0.0005,0.0002754365
797,12013.459156990051,0.0,9.765637e-05,18532.081016159056,0.00025,0.00028221894
798,12019.239545822144,0.0,9.765626e-05,18544.346063995363,0.00025,0.00028829422
799,12025.019934654236,0.0,9.765633e-05,18556.611111831666,0.001,0.00029361012
800,12030.800323486328,0.0,9.765642e-05,18568.87615966797,0.001,0.0002980576
801,12036.58071231842,0.0,9.765652e-05,18581.141207504275,0.00025,0.00030167843
802,12042.361101150513,0.0,9.7656644e-05,18593.406255340575,0.00125,0.00030429885
803,12048.141489982605,0.0,9.765678e-05,18605.67130317688,0.0007500000000000001,0.00030593315
804,12053.921878814697,0.0,9.765695e-05,18617.936351013184,0.00025,0.00030661217
805,12059.70226764679,0.0,9.765714e-05,18630.201398849487,0.0005,0.00030623557
806,12065.482656478882,0.0,9.7657365e-05,18642.466446685794,0.0,0.0003048454
807,12071.263045310974,0.0,9.765762e-05,18654.731494522093,0.00075,0.00030242646
808,12077.043434143066,0.0,9.7657925e-05,18666.9965423584,0.001,0.00029911945
809,12082.823822975159,0.0,9.765827e-05,18679.261590194703,0.0005,0.0002948654
810,12088.604211807251,0.0,9.765867e-05,18691.526638031006,0.0005,0.0002897282
811,12094.384600639343,0.0,9.7659125e-05,18703.791685867312,0.0,0.0002838776
812,12100.164989471436,0.0,9.765966e-05,18716.056733703612,0.0005,0.00027729437
813,12105.945378303528,0.0,9.766026e-05,18728.32178153992,0.0005,0.00027006926
814,12111.72576713562,0.0,9.766096e-05,18740.58682937622,0.0007500000000000001,0.0002623867
815,12117.506155967712,0.0,9.766175e-05,18752.851877212524,0.00025,0.0002542507
816,12123.286544799805,0.0,9.7662654e-05,18765.11692504883,0.00025,0.0002457922
817,12129.066933631897,0.0,9.766368e-05,18777.38197288513,0.0005,0.00023708354
818,12134.84732246399,0.0,9.7664844e-05,18789.647020721437,0.00025,0.00022828285
819,12140.627711296082,0.0,9.766616e-05,18801.91206855774,0.001,0.00021943971
820,12146.408100128174,0.0,9.766765e-05,18814.177116394043,0.0,0.00021061357
821,12152.188488960266,0.0,9.766933e-05,18826.44216423035,0.0,0.00020195312
822,12157.968877792358,0.0,9.7671225e-05,18838.70721206665,0.00025,0.00019346915
823,12163.74926662445,0.0,9.767335e-05,18850.972259902956,0.0,0.00018524699
824,12169.529655456543,0.0,9.767573e-05,18863.23730773926,0.00025,0.00017732721
825,12175.310044288635,0.0,9.76784e-05,18875.50235557556,0.00025,0.00016979562
826,12181.090433120728,0.0,9.768136e-05,18887.767403411868,0.00025,0.00016264556
827,12186.87082195282,0.0,9.768467e-05,18900.032451248167,0.0005,0.00015590913
828,12192.651210784912,0.0,9.7688346e-05,18912.297499084474,0.00025,0.00014963507
829,12198.431599617004,0.0,9.769243e-05,18924.562546920777,0.0,0.00014380192
830,12204.211988449097,0.0,9.769693e-05,18936.82759475708,0.0,0.00013841772
831,12209.992377281189,0.0,9.770191e-05,18949.092642593387,0.0,0.0001334981
832,12215.772766113281,0.0,9.770739e-05,18961.357690429686,0.0,0.00012901318
833,12221.553154945374,0.0,9.7713426e-05,18973.622738265993,0.0,0.00012495354
834,12227.333543777466,0.0,9.7720025e-05,18985.887786102296,0.0,0.00012130401
835,12233.113932609558,0.0,9.772725e-05,18998.1528339386,0.0,0.00011804807
836,12238.89432144165,0.0,9.773516e-05,19010.417881774905,0.00025,0.00011515179
837,12244.674710273743,0.0,9.774375e-05,19022.682929611205,0.0,0.00011259061
838,12250.455099105835,0.0,9.775311e-05,19034.94797744751,0.0,0.00011034759
839,12256.235487937927,0.0,9.7763244e-05,19047.213025283814,0.0,0.00010838699
840,12262.01587677002,0.0,9.777423e-05,19059.478073120117,0.0,0.0001066834
841,12267.796265602112,0.0,9.778607e-05,19071.743120956424,0.0,0.000105217216
842,12273.576654434204,0.0,9.779888e-05,19084.008168792723,0.0,0.00010395721
843,12279.357043266296,0.0,9.781256e-05,19096.27321662903,0.00025,0.000102882004
844,12285.137432098389,0.0,9.782729e-05,19108.538264465333,0.0,0.00010197024
845,12290.917820930481,0.0,9.784301e-05,19120.803312301636,0.0,0.00010120193
846,12296.698209762573,0.0,9.785982e-05,19133.068360137942,0.0,0.00010055797
847,12302.478598594666,0.0,9.787768e-05,19145.33340797424,0.0,0.000100021105
848,12308.258987426758,0.0,9.789668e-05,19157.59845581055,0.0,9.957768e-05
849,12314.03937625885,0.0,9.791682e-05,19169.86350364685,0.0,9.921317e-05
850,12319.819765090942,0.0,9.7938115e-05,19182.128551483154,0.00025,9.891578e-05
851,12325.600153923035,0.0,9.796052e-05,19194.39359931946,0.0,9.867644e-05
852,12331.380542755127,0.0,9.798407e-05,19206.65864715576,0.0,9.848573e-05
853,12337.16093158722,0.0,9.800884e-05,19218.923694992067,0.0,9.8336495e-05
854,12342.941320419312,0.0,9.803468e-05,19231.18874282837,0.0,9.822164e-05
855,12348.721709251404,0.0,9.8061726e-05,19243.453790664673,0.0,9.813779e-05
856,12354.502098083496,0.0,9.80898e-05,19255.71883850098,0.0,9.807891e-05
857,12360.282486915588,0.0,9.811902e-05,19267.98388633728,0.0,9.804356e-05
858,12366.06287574768,0.0,9.814927e-05,19280.248934173585,0.0,9.80278e-05
859,12371.843264579773,0.0,9.818035e-05,19292.51398200989,0.0,9.80308e-05
860,12377.623653411865,0.0,9.82125e-05,19304.77902984619,0.0,9.805107e-05
861,12383.404042243958,0.0,9.824538e-05,19317.044077682498,0.0,9.8088e-05
862,12389.18443107605,0.0,9.827913e-05,19329.309125518797,0.0,9.814142e-05
863,12394.964819908142,0.0,9.8313445e-05,19341.574173355104,0.0,9.8212186e-05
864,12400.745208740234,0.0,9.8348464e-05,19353.839221191407,0.0,9.830028e-05
865,12406.525597572327,0.0,9.838383e-05,19366.10426902771,0.0,9.8407014e-05
866,12412.305986404419,0.0,9.8419696e-05,19378.369316864017,0.0,9.853389e-05
867,12418.086375236511,0.0,9.845581e-05,19390.634364700316,0.0,9.868163e-05
868,12423.866764068604,0.0,9.849189e-05,19402.899412536623,0.0,9.885288e-05
869,12429.647152900696,0.0,9.852794e-05,19415.164460372926,0.0,9.904872e-05
870,12435.427541732788,0.0,9.8563985e-05,19427.42950820923,0.0,9.9271376e-05
871,12441.20793056488,0.0,9.859955e-05,19439.694556045535,0.0,9.952162e-05
872,12446.988319396973,0.0,9.863483e-05,19451.959603881834,0.0,9.980327e-05
873,12452.768708229065,0.0,9.866932e-05,19464.22465171814,0.0,0.000100116755
874,12458.549097061157,0.0,9.870323e-05,19476.489699554444,0.0,0.00010046254
875,12464.32948589325,0.0,9.873623e-05,19488.754747390747,0.0,0.00010084437
876,12470.109874725342,0.0,9.876784e-05,19501.019795227054,0.0,0.00010126146
877,12475.890263557434,0.0,9.879853e-05,19513.284843063353,0.0,0.00010171581
878,12481.670652389526,0.0,9.8827615e-05,19525.54989089966,0.0,0.000102204605
879,12487.451041221619,0.0,9.885539e-05,19537.814938735963,0.0005,0.000102732214
880,12493.231430053711,0.0,9.888127e-05,19550.079986572266,0.0,0.00010329464
881,12499.011818885803,0.0,9.890556e-05,19562.345034408572,0.00025,0.000103890154
882,12504.792207717896,0.00025,9.8927696e-05,19574.61008224487,0.0,0.000104520426
883,12510.572596549988,0.0,9.894799e-05,19586.87513008118,0.0,0.00010517826
884,12516.35298538208,0.0,9.896613e-05,19599.14017791748,0.0,0.00010586112
885,12522.133374214172,0.0,9.898164e-05,19611.405225753784,0.00025,0.00010656889
886,12527.913763046265,0.0,9.899516e-05,19623.67027359009,0.00025,0.00010729269
887,12533.694151878357,0.0,9.900601e-05,19635.93532142639,0.0,0.00010802839
888,12539.47454071045,0.0,9.90146e-05,19648.200369262697,0.00025,0.00010876815
889,12545.254929542542,0.0,9.902041e-05,19660.465417099,0.00025,0.000109511355
890,12551.035318374634,0.0,9.9023906e-05,19672.730464935303,0.0,0.000110245324
891,12556.815707206726,0.0,9.902456e-05,19684.99551277161,0.00075,0.00011096233
892,12562.596096038818,0.0,9.902311e-05,19697.26056060791,0.0,0.00011166188
893,12568.37648487091,0.0,9.901833e-05,19709.525608444215,0.0,0.0001123295
894,12574.156873703003,0.0,9.901149e-05,19721.79065628052,0.0,0.0001129586
895,12579.937262535095,0.0,9.900188e-05,19734.05570411682,0.00025,0.000113542985
896,12585.717651367188,0.0,9.899006e-05,19746.320751953128,0.00025,0.0001140798
897,12591.49804019928,0.0,9.897558e-05,19758.585799789427,0.0,0.00011455573
898,12597.278429031372,0.0,9.8959026e-05,19770.850847625734,0.00025,0.000114964336
899,12603.058817863464,0.0,9.8940014e-05,19783.115895462037,0.0,0.000115309274
900,12608.839206695557,0.0,9.8919096e-05,19795.38094329834,0.0,0.000115577204
901,12614.619595527649,0.0,9.889618e-05,19807.645991134646,0.0,0.000115764335
902,12620.399984359741,0.0,9.887102e-05,19819.911038970946,0.0,0.000115877556
903,12626.180373191833,0.0,9.884445e-05,19832.176086807252,0.0,0.000115906034
904,12631.960762023926,0.0,9.881605e-05,19844.441134643555,0.00025,0.00011585244
905,12637.741150856018,0.0,9.878638e-05,19856.70618247986,0.0,0.00011571449
906,12643.52153968811,0.0,9.875518e-05,19868.971230316165,0.0,0.000115503164
907,12649.301928520203,0.0,9.8723016e-05,19881.236278152464,0.0,0.00011521213
908,12655.082317352295,0.0,9.868964e-05,19893.50132598877,0.0,0.00011484534
909,12660.862706184387,0.0,9.865577e-05,19905.766373825074,0.00025,0.000114416434
910,12666.64309501648,0.0,9.862065e-05,19918.031421661377,0.0,0.00011392063
911,12672.423483848572,0.0,9.8585246e-05,19930.296469497684,0.00025,0.000113368646
912,12678.203872680664,0.0,9.854954e-05,19942.561517333983,0.00025,0.0001127711
913,12683.984261512756,0.0,9.851342e-05,19954.82656517029,0.00025,0.000112128524
914,12689.764650344849,0.00025,9.8477336e-05,19967.091613006593,0.0,0.00011145091
915,12695.545039176941,0.0,9.8441145e-05,19979.356660842896,0.0,0.000110743895
916,12701.325428009033,0.0,9.840526e-05,19991.621708679202,0.0,0.00011002161
917,12707.105816841125,0.0,9.836953e-05,20003.8867565155,0.00025,0.00010928452
918,12712.886205673218,0.0,9.8334465e-05,20016.151804351808,0.00025,0.00010854061
919,12718.66659450531,0.0,9.829954e-05,20028.41685218811,0.0,0.00010780198
920,12724.446983337402,0.0,9.826548e-05,20040.681900024414,0.0,0.00010706928
921,12730.227372169495,0.0,9.823203e-05,20052.94694786072,0.0,0.00010635033
922,12736.007761001587,0.0,9.8199474e-05,20065.21199569702,0.0,0.000105648855
923,12741.78814983368,0.0,9.81677e-05,20077.477043533327,0.0005,0.00010497355
924,12747.568538665771,0.0,9.813695e-05,20089.74209136963,0.0,0.000104323444
925,12753.348927497864,0.0,9.810711e-05,20102.007139205933,0.0,0.00010370432
926,12759.129316329956,0.0,9.807844e-05,20114.27218704224,0.0,0.00010311807
927,12764.909705162048,0.0,9.8050725e-05,20126.53723487854,0.0,0.00010256695
928,12770.69009399414,0.0,9.802413e-05,20138.802282714845,0.00025,0.00010205037
929,12776.470482826233,0.0,9.7998745e-05,20151.06733055115,0.00025,0.00010157192
930,12782.250871658325,0.0,9.7974436e-05,20163.33237838745,0.0,0.0001011292
931,12788.031260490417,0.0,9.795136e-05,20175.597426223758,0.0,0.00010072269
932,12793.81164932251,0.0,9.792937e-05,20187.862474060057,0.0,0.00010035118
933,12799.592038154602,0.0,9.790859e-05,20200.127521896364,0.0,0.00010001483
934,12805.372426986694,0.0,9.78889e-05,20212.392569732667,0.0,9.971079e-05
935,12811.152815818787,0.0,9.787042e-05,20224.65761756897,0.00025,9.9437646e-05
936,12816.933204650879,0.0,9.785291e-05,20236.922665405276,0.0,9.919434e-05
937,12822.713593482971,0.0,9.783657e-05,20249.187713241576,0.0,9.897806e-05
938,12828.493982315063,0.0,9.782123e-05,20261.452761077882,0.0,9.87871e-05
939,12834.274371147156,0.0,9.780692e-05,20273.717808914185,0.0,9.861915e-05
940,12840.054759979248,0.0,9.779361e-05,20285.98285675049,0.0,9.847274e-05
941,12845.83514881134,0.0,9.7781194e-05,20298.247904586795,0.00025,9.8345394e-05
942,12851.615537643433,0.0,9.776971e-05,20310.512952423094,0.0,9.823512e-05
943,12857.395926475525,0.0,9.775908e-05,20322.7780002594,0.0,9.8140496e-05
944,12863.176315307617,0.0,9.774926e-05,20335.043048095704,0.0,9.8059405e-05
945,12868.95670413971,0.0,9.77402e-05,20347.308095932007,0.0,9.7990305e-05
946,12874.737092971802,0.0,9.773189e-05,20359.573143768313,0.0,9.7931894e-05
947,12880.517481803894,0.0,9.772427e-05,20371.838191604613,0.0,9.788259e-05
948,12886.297870635986,0.0,9.77173e-05,20384.10323944092,0.0,9.784126e-05
949,12892.078259468079,0.0,9.771092e-05,20396.368287277222,0.0,9.7806704e-05
950,12897.85864830017,0.0,9.7705124e-05,20408.633335113525,0.0,9.777813e-05
951,12903.639037132263,0.0,9.769984e-05,20420.898382949832,0.0,9.775443e-05
952,12909.419425964355,0.0,9.769507e-05,20433.16343078613,0.0,9.773496e-05
953,12915.199814796448,0.0,9.769073e-05,20445.428478622438,0.0,9.771907e-05
954,12920.98020362854,0.0,9.7686825e-05,20457.69352645874,0.0,9.7706106e-05
955,12926.760592460632,0.0,9.76833e-05,20469.958574295044,0.0,9.769562e-05
956,12932.540981292725,0.0,9.7680124e-05,20482.22362213135,0.0,9.768712e-05
957,12938.321370124817,0.0,9.767729e-05,20494.48866996765,0.0,9.768038e-05
958,12944.10175895691,0.0,9.767474e-05,20506.753717803957,0.0,9.767493e-05
959,12949.882147789001,0.0,9.767247e-05,20519.01876564026,0.0,9.767062e-05
960,12955.662536621094,0.0,9.767044e-05,20531.283813476562,0.0,9.7667245e-05
961,12961.442925453186,0.0,9.7668635e-05,20543.54886131287,0.0,9.7664524e-05
962,12967.223314285278,0.0,9.7667034e-05,20555.81390914917,0.0,9.766245e-05
963,12973.00370311737,0.0,9.7665616e-05,20568.078956985475,0.0,9.766083e-05
964,12978.784091949463,0.0,9.766436e-05,20580.344004821778,0.0,9.7659526e-05
965,12984.564480781555,0.0,9.766325e-05,20592.60905265808,0.0,9.765859e-05
966,12990.344869613647,0.0,9.7662276e-05,20604.874100494388,0.0,9.7657816e-05
967,12996.12525844574,0.0,9.766142e-05,20617.139148330687,0.0,9.7657205e-05
968,13001.905647277832,0.0,9.766067e-05,20629.404196166994,0.0,9.7656804e-05
969,13007.686036109924,0.0,9.7660006e-05,20641.669244003297,0.0,9.765648e-05
970,13013.466424942017,0.0,9.765944e-05,20653.9342918396,0.0,9.765623e-05
971,13019.246813774109,0.0,9.765893e-05,20666.199339675906,0.0,9.7656026e-05
972,13025.027202606201,0.0,9.76585e-05,20678.464387512206,0.0,9.7655866e-05
973,13030.807591438293,0.0,9.765812e-05,20690.729435348512,0.0,9.7655786e-05
974,13036.587980270386,0.0,9.7657794e-05,20702.994483184815,0.0,9.7655706e-05
975,13042.368369102478,0.0,9.765751e-05,20715.259531021118,0.0,9.765566e-05
976,13048.14875793457,0.0,9.765727e-05,20727.524578857425,0.0,9.7655626e-05
977,13053.929146766663,0.0,9.765706e-05,20739.789626693724,0.0,9.765554e-05
978,13059.709535598755,0.0,9.765688e-05,20752.05467453003,0.0,9.765558e-05
979,13065.489924430847,0.0,9.7656724e-05,20764.319722366334,0.0,9.765554e-05
980,13071.27031326294,0.0,9.765659e-05,20776.584770202637,0.0,9.76555e-05
981,13077.050702095032,0.0,9.765648e-05,20788.849818038943,0.0,9.765554e-05
982,13082.831090927124,0.0,9.765638e-05,20801.114865875243,0.0,9.76555e-05
983,13088.611479759216,0.0,9.76563e-05,20813.37991371155,0.0,9.76555e-05
984,13094.391868591309,0.0,9.765623e-05,20825.644961547852,0.0,9.765554e-05
985,13100.1722574234,0.0,9.765617e-05,20837.910009384155,0.0,9.76555e-05
986,13105.952646255493,0.0,9.765613e-05,20850.175057220462,0.0,9.76555e-05
987,13111.733035087585,0.0,9.7656084e-05,20862.44010505676,0.0,9.76555e-05
988,13117.513423919678,0.0,9.765605e-05,20874.705152893068,0.0,9.76555e-05
989,13123.29381275177,0.0,9.765602e-05,20886.97020072937,0.0,9.76555e-05
990,13129.074201583862,0.0,9.7656e-05,20899.235248565674,0.0,9.76555e-05
991,13134.854590415955,0.0,9.765597e-05,20911.50029640198,0.0,9.76555e-05
992,13140.634979248047,0.0,9.765595e-05,20923.76534423828,0.0,9.76555e-05
993,13146.41536808014,0.0,9.765594e-05,20936.030392074586,0.0,9.76555e-05
994,13152.195756912231,0.0,9.7655924e-05,20948.29543991089,0.0,9.76555e-05
995,13157.976145744324,0.0,9.765592e-05,20960.560487747192,0.0,9.76555e-05
996,13163.756534576416,0.0,9.765591e-05,20972.8255355835,0.0,9.76555e-05
997,13169.536923408508,0.0,9.76559e-05,20985.0905834198,0.0,9.76555e-05
998,13175.3173122406,0.0,9.7655895e-05,20997.355631256105,0.0,9.76555e-05
999,13181.097701072693,0.0,9.7655895e-05,21009.620679092408,0.0,9.76555e-05
1000,13186.878089904785,0.0,9.765589e-05,21021.88572692871,0.0,9.76555e-05
1001,13192.658478736877,0.0,9.765589e-05,21034.150774765018,0.0,9.76555e-05
1002,13198.43886756897,0.0,9.765588e-05,21046.415822601317,0.0,9.76555e-05
1003,13204.219256401062,0.0,9.765588e-05,21058.680870437624,0.0,9.76555e-05
1004,13209.999645233154,0.0,9.765588e-05,21070.945918273927,0.0,9.76555e-05
1005,13215.780034065247,0.0,9.765587e-05,21083.21096611023,0.0,9.76555e-05
1006,13221.560422897339,0.0,9.765587e-05,21095.476013946536,0.0,9.76555e-05
1007,13227.340811729431,0.0,9.765587e-05,21107.741061782835,0.0,9.76555e-05
1008,13233.121200561523,0.0,9.765587e-05,21120.006109619142,0.0,9.76555e-05
1009,13238.901589393616,0.0,9.765587e-05,21132.271157455445,0.0,9.76555e-05
1010,13244.681978225708,0.0,9.765587e-05,21144.536205291748,0.0,9.76555e-05
1011,13250.4623670578,0.0,9.765587e-05,21156.801253128055,0.0,9.76555e-05
1012,13256.242755889893,0.0,9.765587e-05,21169.066300964354,0.0,9.76555e-05
1013,13262.023144721985,0.0,9.765587e-05,21181.33134880066,0.0,9.76555e-05
1014,13267.803533554077,0.0,9.765587e-05,21193.596396636964,0.0,9.76555e-05
1015,13273.58392238617,0.0,9.765587e-05,21205.861444473267,0.0,9.76555e-05
1016,13279.364311218262,0.0,9.765587e-05,21218.126492309573,0.0,9.76555e-05
1017,13285.144700050354,0.0,9.765587e-05,21230.391540145873,0.0,9.76555e-05
1018,13290.925088882446,0.0,9.765587e-05,21242.65658798218,0.0,9.76555e-05
1019,13296.705477714539,0.0,9.765587e-05,21254.921635818482,0.0,9.76555e-05
1020,13302.48586654663,0.0,9.765587e-05,21267.186683654785,0.0,9.76555e-05
1021,13308.266255378723,0.0,9.765587e-05,21279.45173149109,0.0,9.76555e-05
1022,13314.046644210815,0.0,9.765587e-05,21291.71677932739,0.0,9.76555e-05
1023,13319.827033042908,0.0,9.765587e-05,21303.981827163698,0.0,9.76555e-05
